,snum,dnum,api00,api99,growth,meals,ell,yr_rnd,mobility,acs_k3,acs_46,not_hsg,hsg,some_col,col_grad,grad_sch,avg_ed,full,emer,enroll,mealcat
1,906.00 ,41.00 ,693.00 ,600.00 ,93.00 ,67.00 ,9.00 ,0.00 ,11.00 ,16.00 ,22.00 ,0.00 ,0.00 ,0.00 ,0.00 ,0.00 ,NA,76.00 ,24.00 ,247.00 ,2.00 
2,889.00 ,41.00 ,570.00 ,501.00 ,69.00 ,92.00 ,21.00 ,0.00 ,33.00 ,15.00 ,32.00 ,0.00 ,0.00 ,0.00 ,0.00 ,0.00 ,NA,79.00 ,19.00 ,463.00 ,3.00 
3,887.00 ,41.00 ,546.00 ,472.00 ,74.00 ,97.00 ,29.00 ,0.00 ,36.00 ,17.00 ,25.00 ,0.00 ,0.00 ,0.00 ,0.00 ,0.00 ,NA,68.00 ,29.00 ,395.00 ,3.00 
4,876.00 ,41.00 ,571.00 ,487.00 ,84.00 ,90.00 ,27.00 ,0.00 ,27.00 ,20.00 ,30.00 ,36.00 ,45.00 ,9.00 ,9.00 ,0.00 ,1.9099999666214,87.00 ,11.00 ,418.00 ,3.00 
5,888.00 ,41.00 ,478.00 ,425.00 ,53.00 ,89.00 ,30.00 ,0.00 ,44.00 ,18.00 ,31.00 ,50.00 ,50.00 ,0.00 ,0.00 ,0.00 ,1.50 ,87.00 ,13.00 ,520.00 ,3.00 
6,4284.00 ,98.00 ,858.00 ,844.00 ,14.00 ,NA,3.00 ,0.00 ,10.00 ,20.00 ,33.00 ,1.00 ,8.00 ,24.00 ,36.00 ,31.00 ,3.89000010490417,100.00 ,0.00 ,343.00 ,1.00 
7,4271.00 ,98.00 ,918.00 ,864.00 ,54.00 ,NA,2.00 ,0.00 ,16.00 ,19.00 ,28.00 ,1.00 ,4.00 ,18.00 ,34.00 ,43.00 ,4.13000011444092,100.00 ,0.00 ,303.00 ,1.00 
8,2910.00 ,108.00 ,831.00 ,791.00 ,40.00 ,NA,3.00 ,0.00 ,44.00 ,20.00 ,31.00 ,0.00 ,4.00 ,16.00 ,50.00 ,30.00 ,4.05999994277954,96.00 ,2.00 ,1513.00 ,1.00 
9,2899.00 ,108.00 ,860.00 ,838.00 ,22.00 ,NA,6.00 ,0.00 ,10.00 ,20.00 ,30.00 ,2.00 ,9.00 ,15.00 ,42.00 ,33.00 ,3.96000003814697,100.00 ,0.00 ,660.00 ,1.00 
10,2887.00 ,108.00 ,737.00 ,703.00 ,34.00 ,29.00 ,15.00 ,0.00 ,17.00 ,21.00 ,29.00 ,8.00 ,25.00 ,34.00 ,27.00 ,7.00 ,2.98000001907349,96.00 ,7.00 ,362.00 ,1.00 
11,2911.00 ,108.00 ,851.00 ,808.00 ,43.00 ,NA,2.00 ,0.00 ,16.00 ,20.00 ,30.00 ,0.00 ,3.00 ,16.00 ,45.00 ,37.00 ,4.15000009536743,100.00 ,2.00 ,768.00 ,1.00 
12,2882.00 ,108.00 ,536.00 ,496.00 ,40.00 ,71.00 ,69.00 ,0.00 ,8.00 ,21.00 ,27.00 ,61.00 ,15.00 ,6.00 ,10.00 ,8.00 ,1.89999997615814,100.00 ,6.00 ,404.00 ,2.00 
13,2907.00 ,108.00 ,847.00 ,815.00 ,32.00 ,NA,2.00 ,0.00 ,11.00 ,20.00 ,29.00 ,1.00 ,5.00 ,17.00 ,41.00 ,37.00 ,4.07999992370605,97.00 ,3.00 ,586.00 ,1.00 
14,2908.00 ,108.00 ,765.00 ,711.00 ,54.00 ,13.00 ,8.00 ,0.00 ,19.00 ,21.00 ,27.00 ,5.00 ,34.00 ,27.00 ,31.00 ,3.00 ,2.9300000667572,98.00 ,2.00 ,633.00 ,1.00 
15,2895.00 ,108.00 ,809.00 ,802.00 ,7.00 ,NA,8.00 ,0.00 ,16.00 ,20.00 ,31.00 ,5.00 ,27.00 ,25.00 ,37.00 ,6.00 ,3.11999988555908,89.00 ,7.00 ,379.00 ,1.00 
16,2880.00 ,108.00 ,813.00 ,780.00 ,33.00 ,NA,11.00 ,0.00 ,12.00 ,21.00 ,32.00 ,10.00 ,35.00 ,23.00 ,27.00 ,6.00 ,2.83999991416931,100.00 ,0.00 ,417.00 ,1.00 
17,2890.00 ,108.00 ,856.00 ,816.00 ,40.00 ,NA,6.00 ,0.00 ,13.00 ,21.00 ,29.00 ,1.00 ,10.00 ,15.00 ,42.00 ,32.00 ,3.95000004768372,100.00 ,0.00 ,670.00 ,1.00 
18,3948.00 ,131.00 ,712.00 ,677.00 ,35.00 ,40.00 ,12.00 ,1.00 ,19.00 ,19.00 ,30.00 ,14.00 ,30.00 ,31.00 ,19.00 ,6.00 ,2.71000003814697,85.00 ,12.00 ,589.00 ,1.00 
19,3956.00 ,131.00 ,805.00 ,759.00 ,46.00 ,NA,1.00 ,0.00 ,26.00 ,21.00 ,31.00 ,2.00 ,16.00 ,41.00 ,29.00 ,12.00 ,3.30999994277954,93.00 ,7.00 ,770.00 ,1.00 
20,3947.00 ,131.00 ,678.00 ,632.00 ,46.00 ,37.00 ,16.00 ,1.00 ,16.00 ,20.00 ,32.00 ,12.00 ,27.00 ,29.00 ,27.00 ,6.00 ,2.86999988555908,83.00 ,15.00 ,694.00 ,1.00 
21,3952.00 ,131.00 ,619.00 ,570.00 ,49.00 ,57.00 ,25.00 ,1.00 ,24.00 ,19.00 ,31.00 ,19.00 ,25.00 ,29.00 ,20.00 ,6.00 ,2.6800000667572,75.00 ,25.00 ,611.00 ,2.00 
22,3954.00 ,131.00 ,713.00 ,704.00 ,9.00 ,29.00 ,14.00 ,1.00 ,14.00 ,20.00 ,30.00 ,11.00 ,29.00 ,28.00 ,26.00 ,7.00 ,2.88000011444092,80.00 ,15.00 ,594.00 ,1.00 
23,3943.00 ,131.00 ,704.00 ,618.00 ,86.00 ,57.00 ,19.00 ,1.00 ,22.00 ,20.00 ,30.00 ,15.00 ,32.00 ,35.00 ,14.00 ,5.00 ,2.61999988555908,69.00 ,29.00 ,564.00 ,2.00 
24,3945.00 ,131.00 ,523.00 ,452.00 ,71.00 ,69.00 ,43.00 ,1.00 ,31.00 ,19.00 ,29.00 ,32.00 ,34.00 ,18.00 ,12.00 ,4.00 ,2.22000002861023,71.00 ,29.00 ,645.00 ,2.00 
25,4293.00 ,135.00 ,655.00 ,632.00 ,23.00 ,65.00 ,44.00 ,0.00 ,21.00 ,20.00 ,29.00 ,0.00 ,0.00 ,0.00 ,0.00 ,0.00 ,NA,100.00 ,0.00 ,414.00 ,2.00 
26,4299.00 ,135.00 ,523.00 ,441.00 ,82.00 ,74.00 ,52.00 ,1.00 ,23.00 ,19.00 ,28.00 ,0.00 ,0.00 ,0.00 ,100.00 ,0.00 ,4.00 ,87.00 ,13.00 ,631.00 ,2.00 
27,4318.00 ,135.00 ,521.00 ,473.00 ,48.00 ,74.00 ,63.00 ,0.00 ,15.00 ,19.00 ,31.00 ,0.00 ,0.00 ,0.00 ,0.00 ,0.00 ,NA,94.00 ,3.00 ,343.00 ,2.00 
28,4319.00 ,135.00 ,709.00 ,701.00 ,8.00 ,18.00 ,16.00 ,0.00 ,20.00 ,17.00 ,27.00 ,0.00 ,0.00 ,0.00 ,0.00 ,0.00 ,NA,96.00 ,7.00 ,404.00 ,1.00 
29,4296.00 ,135.00 ,505.00 ,452.00 ,53.00 ,75.00 ,59.00 ,0.00 ,27.00 ,19.00 ,30.00 ,0.00 ,0.00 ,0.00 ,0.00 ,0.00 ,NA,94.00 ,6.00 ,504.00 ,2.00 
30,4317.00 ,135.00 ,762.00 ,744.00 ,18.00 ,18.00 ,16.00 ,0.00 ,15.00 ,20.00 ,30.00 ,0.00 ,100.00 ,0.00 ,0.00 ,0.00 ,2.00 ,100.00 ,0.00 ,512.00 ,1.00 
31,4322.00 ,135.00 ,722.00 ,684.00 ,38.00 ,11.00 ,21.00 ,0.00 ,20.00 ,20.00 ,28.00 ,0.00 ,0.00 ,0.00 ,0.00 ,0.00 ,NA,95.00 ,5.00 ,637.00 ,1.00 
32,4307.00 ,135.00 ,603.00 ,520.00 ,83.00 ,71.00 ,54.00 ,0.00 ,19.00 ,19.00 ,30.00 ,50.00 ,25.00 ,25.00 ,0.00 ,0.00 ,1.75 ,88.00 ,15.00 ,594.00 ,2.00 
33,4302.00 ,135.00 ,657.00 ,579.00 ,78.00 ,67.00 ,36.00 ,0.00 ,17.00 ,19.00 ,30.00 ,22.00 ,44.00 ,33.00 ,0.00 ,0.00 ,2.10999989509583,100.00 ,0.00 ,500.00 ,2.00 
34,4314.00 ,135.00 ,705.00 ,655.00 ,50.00 ,46.00 ,42.00 ,0.00 ,32.00 ,17.00 ,27.00 ,0.00 ,0.00 ,0.00 ,100.00 ,0.00 ,4.00 ,96.00 ,0.00 ,320.00 ,1.00 
35,4292.00 ,135.00 ,754.00 ,748.00 ,6.00 ,25.00 ,25.00 ,0.00 ,18.00 ,20.00 ,27.00 ,13.00 ,40.00 ,33.00 ,0.00 ,13.00 ,2.59999990463257,100.00 ,4.00 ,309.00 ,1.00 
36,4304.00 ,135.00 ,490.00 ,431.00 ,59.00 ,71.00 ,54.00 ,0.00 ,25.00 ,23.00 ,30.00 ,0.00 ,0.00 ,0.00 ,0.00 ,0.00 ,NA,65.00 ,43.00 ,748.00 ,2.00 
37,4308.00 ,135.00 ,698.00 ,680.00 ,18.00 ,44.00 ,18.00 ,0.00 ,21.00 ,19.00 ,29.00 ,100.00 ,0.00 ,0.00 ,0.00 ,0.00 ,1.00 ,100.00 ,0.00 ,527.00 ,1.00 
38,600.00 ,140.00 ,843.00 ,805.00 ,38.00 ,NA,6.00 ,0.00 ,17.00 ,(20.00),32.00 ,6.00 ,35.00 ,22.00 ,28.00 ,9.00 ,2.98000001907349,91.00 ,6.00 ,465.00 ,1.00 
39,596.00 ,140.00 ,800.00 ,769.00 ,31.00 ,NA,6.00 ,0.00 ,41.00 ,(19.00),30.00 ,9.00 ,32.00 ,32.00 ,21.00 ,5.00 ,2.8199999332428,94.00 ,6.00 ,451.00 ,2.00 
40,611.00 ,140.00 ,857.00 ,857.00 ,0.00 ,NA,4.00 ,0.00 ,12.00 ,(20.00),32.00 ,4.00 ,11.00 ,35.00 ,31.00 ,19.00 ,3.48000001907349,100.00 ,0.00 ,432.00 ,1.00 
41,595.00 ,140.00 ,713.00 ,664.00 ,49.00 ,63.00 ,35.00 ,0.00 ,15.00 ,(21.00),32.00 ,40.00 ,29.00 ,15.00 ,12.00 ,4.00 ,2.08999991416931,92.00 ,8.00 ,524.00 ,2.00 
42,592.00 ,140.00 ,804.00 ,873.00 ,(69.00),NA,8.00 ,0.00 ,33.00 ,(21.00),35.00 ,10.00 ,30.00 ,35.00 ,20.00 ,5.00 ,2.78999996185303,97.00 ,3.00 ,427.00 ,1.00 
43,602.00 ,140.00 ,864.00 ,831.00 ,33.00 ,NA,5.00 ,0.00 ,35.00 ,(21.00),35.00 ,4.00 ,19.00 ,33.00 ,30.00 ,14.00 ,3.30999994277954,100.00 ,3.00 ,562.00 ,1.00 
44,5222.00 ,166.00 ,940.00 ,917.00 ,23.00 ,NA,2.00 ,0.00 ,3.00 ,20.00 ,31.00 ,0.00 ,0.00 ,4.00 ,28.00 ,67.00 ,4.61999988555908,90.00 ,0.00 ,305.00 ,1.00 
45,5210.00 ,166.00 ,792.00 ,779.00 ,13.00 ,NA,3.00 ,0.00 ,19.00 ,20.00 ,31.00 ,2.00 ,5.00 ,17.00 ,38.00 ,38.00 ,4.05000019073486,84.00 ,0.00 ,467.00 ,1.00 
46,5217.00 ,166.00 ,887.00 ,882.00 ,5.00 ,NA,5.00 ,0.00 ,14.00 ,21.00 ,31.00 ,0.00 ,4.00 ,7.00 ,32.00 ,57.00 ,4.42000007629395,93.00 ,10.00 ,520.00 ,1.00 
47,3644.00 ,209.00 ,775.00 ,726.00 ,49.00 ,NA,13.00 ,0.00 ,18.00 ,21.00 ,33.00 ,4.00 ,10.00 ,35.00 ,36.00 ,16.00 ,3.50999999046326,93.00 ,7.00 ,816.00 ,1.00 
48,3643.00 ,209.00 ,822.00 ,766.00 ,56.00 ,NA,10.00 ,1.00 ,47.00 ,21.00 ,32.00 ,1.00 ,11.00 ,29.00 ,38.00 ,19.00 ,3.63000011444092,95.00 ,3.00 ,830.00 ,1.00 
49,3624.00 ,209.00 ,806.00 ,745.00 ,61.00 ,NA,6.00 ,1.00 ,25.00 ,19.00 ,30.00 ,5.00 ,30.00 ,28.00 ,21.00 ,16.00 ,3.11999988555908,90.00 ,5.00 ,487.00 ,1.00 
50,3623.00 ,209.00 ,816.00 ,745.00 ,71.00 ,NA,6.00 ,0.00 ,18.00 ,19.00 ,32.00 ,6.00 ,17.00 ,27.00 ,36.00 ,14.00 ,3.34999990463257,100.00 ,0.00 ,307.00 ,1.00 
51,3629.00 ,209.00 ,553.00 ,485.00 ,68.00 ,86.00 ,38.00 ,1.00 ,32.00 ,20.00 ,32.00 ,33.00 ,28.00 ,27.00 ,8.00 ,4.00 ,2.20000004768372,95.00 ,5.00 ,819.00 ,3.00 
52,3622.00 ,209.00 ,686.00 ,633.00 ,53.00 ,75.00 ,33.00 ,1.00 ,24.00 ,21.00 ,32.00 ,32.00 ,35.00 ,16.00 ,14.00 ,3.00 ,2.21000003814697,98.00 ,2.00 ,744.00 ,2.00 
53,4017.00 ,238.00 ,483.00 ,444.00 ,39.00 ,79.00 ,40.00 ,1.00 ,24.00 ,20.00 ,28.00 ,37.00 ,27.00 ,27.00 ,7.00 ,3.00 ,2.13000011444092,87.00 ,13.00 ,672.00 ,2.00 
54,58.00 ,248.00 ,801.00 ,765.00 ,36.00 ,NA,12.00 ,0.00 ,18.00 ,19.00 ,30.00 ,7.00 ,16.00 ,25.00 ,36.00 ,15.00 ,3.34999990463257,89.00 ,14.00 ,416.00 ,1.00 
55,70.00 ,248.00 ,753.00 ,694.00 ,59.00 ,25.00 ,19.00 ,0.00 ,14.00 ,21.00 ,29.00 ,10.00 ,22.00 ,19.00 ,34.00 ,16.00 ,3.25 ,85.00 ,20.00 ,286.00 ,1.00 
56,65.00 ,248.00 ,903.00 ,889.00 ,14.00 ,NA,8.00 ,0.00 ,21.00 ,22.00 ,30.00 ,1.00 ,9.00 ,15.00 ,34.00 ,41.00 ,4.05999994277954,77.00 ,23.00 ,488.00 ,1.00 
57,657.00 ,253.00 ,454.00 ,443.00 ,11.00 ,100.00 ,53.00 ,1.00 ,21.00 ,19.00 ,29.00 ,47.00 ,33.00 ,11.00 ,8.00 ,0.00 ,1.82000005245209,93.00 ,11.00 ,656.00 ,3.00 
58,697.00 ,253.00 ,440.00 ,428.00 ,12.00 ,100.00 ,67.00 ,1.00 ,19.00 ,19.00 ,29.00 ,58.00 ,26.00 ,12.00 ,3.00 ,1.00 ,1.63999998569489,88.00 ,19.00 ,577.00 ,3.00 
59,646.00 ,253.00 ,519.00 ,491.00 ,28.00 ,93.00 ,33.00 ,0.00 ,19.00 ,19.00 ,29.00 ,43.00 ,27.00 ,19.00 ,10.00 ,1.00 ,2.00999999046326,100.00 ,5.00 ,523.00 ,3.00 
60,640.00 ,253.00 ,512.00 ,477.00 ,35.00 ,84.00 ,33.00 ,1.00 ,24.00 ,19.00 ,29.00 ,27.00 ,35.00 ,21.00 ,16.00 ,2.00 ,2.30999994277954,98.00 ,10.00 ,672.00 ,3.00 
61,629.00 ,253.00 ,525.00 ,522.00 ,3.00 ,92.00 ,41.00 ,1.00 ,15.00 ,19.00 ,30.00 ,45.00 ,34.00 ,14.00 ,6.00 ,1.00 ,1.85000002384186,98.00 ,2.00 ,678.00 ,3.00 
62,659.00 ,253.00 ,486.00 ,480.00 ,6.00 ,90.00 ,44.00 ,1.00 ,27.00 ,19.00 ,30.00 ,47.00 ,32.00 ,12.00 ,8.00 ,2.00 ,1.85000002384186,94.00 ,15.00 ,680.00 ,3.00 
63,699.00 ,253.00 ,437.00 ,409.00 ,28.00 ,90.00 ,70.00 ,1.00 ,17.00 ,19.00 ,29.00 ,64.00 ,20.00 ,8.00 ,7.00 ,0.00 ,1.5900000333786,93.00 ,15.00 ,700.00 ,3.00 
64,637.00 ,253.00 ,447.00 ,409.00 ,38.00 ,100.00 ,51.00 ,0.00 ,22.00 ,20.00 ,29.00 ,61.00 ,19.00 ,15.00 ,4.00 ,2.00 ,1.66999995708466,100.00 ,7.00 ,396.00 ,3.00 
65,663.00 ,253.00 ,518.00 ,499.00 ,19.00 ,86.00 ,22.00 ,0.00 ,18.00 ,19.00 ,29.00 ,15.00 ,36.00 ,27.00 ,19.00 ,2.00 ,2.5699999332428,93.00 ,13.00 ,495.00 ,3.00 
66,633.00 ,253.00 ,479.00 ,466.00 ,13.00 ,100.00 ,59.00 ,1.00 ,21.00 ,19.00 ,30.00 ,59.00 ,26.00 ,9.00 ,5.00 ,1.00 ,1.62999999523163,94.00 ,10.00 ,929.00 ,3.00 
67,690.00 ,253.00 ,424.00 ,343.00 ,81.00 ,100.00 ,36.00 ,0.00 ,20.00 ,17.00 ,26.00 ,46.00 ,28.00 ,16.00 ,10.00 ,0.00 ,1.9099999666214,87.00 ,20.00 ,205.00 ,3.00 
68,2982.00 ,259.00 ,536.00 ,465.00 ,71.00 ,93.00 ,84.00 ,0.00 ,14.00 ,21.00 ,29.00 ,0.00 ,0.00 ,0.00 ,0.00 ,0.00 ,NA,92.00 ,8.00 ,570.00 ,3.00 
69,3000.00 ,259.00 ,628.00 ,554.00 ,74.00 ,75.00 ,74.00 ,0.00 ,25.00 ,20.00 ,28.00 ,0.00 ,0.00 ,50.00 ,50.00 ,0.00 ,3.50 ,84.00 ,16.00 ,485.00 ,2.00 
70,2997.00 ,259.00 ,627.00 ,546.00 ,81.00 ,71.00 ,71.00 ,0.00 ,15.00 ,20.00 ,33.00 ,39.00 ,24.00 ,15.00 ,20.00 ,2.00 ,2.22000002861023,96.00 ,4.00 ,410.00 ,2.00 
71,3005.00 ,259.00 ,596.00 ,534.00 ,62.00 ,65.00 ,46.00 ,0.00 ,20.00 ,21.00 ,29.00 ,40.00 ,42.00 ,14.00 ,3.00 ,0.00 ,1.80999994277954,100.00 ,0.00 ,224.00 ,2.00 
72,2972.00 ,259.00 ,664.00 ,617.00 ,47.00 ,72.00 ,71.00 ,0.00 ,13.00 ,19.00 ,30.00 ,19.00 ,30.00 ,26.00 ,23.00 ,2.00 ,2.57999992370605,91.00 ,13.00 ,306.00 ,2.00 
73,3011.00 ,259.00 ,655.00 ,620.00 ,35.00 ,56.00 ,52.00 ,0.00 ,19.00 ,21.00 ,29.00 ,24.00 ,34.00 ,32.00 ,10.00 ,0.00 ,2.26999998092651,96.00 ,4.00 ,447.00 ,2.00 
74,2977.00 ,259.00 ,616.00 ,566.00 ,50.00 ,75.00 ,65.00 ,0.00 ,23.00 ,21.00 ,31.00 ,34.00 ,31.00 ,15.00 ,19.00 ,1.00 ,2.22000002861023,93.00 ,7.00 ,432.00 ,2.00 
75,3013.00 ,259.00 ,538.00 ,497.00 ,41.00 ,80.00 ,82.00 ,0.00 ,19.00 ,21.00 ,31.00 ,24.00 ,42.00 ,22.00 ,7.00 ,5.00 ,2.26999998092651,91.00 ,9.00 ,544.00 ,2.00 
76,3024.00 ,259.00 ,727.00 ,670.00 ,57.00 ,60.00 ,50.00 ,0.00 ,24.00 ,21.00 ,30.00 ,21.00 ,24.00 ,17.00 ,25.00 ,12.00 ,2.82999992370605,100.00 ,0.00 ,547.00 ,2.00 
77,3004.00 ,259.00 ,822.00 ,787.00 ,35.00 ,NA,4.00 ,0.00 ,10.00 ,19.00 ,27.00 ,0.00 ,19.00 ,19.00 ,29.00 ,33.00 ,3.75999999046326,87.00 ,13.00 ,313.00 ,1.00 
78,3010.00 ,259.00 ,638.00 ,569.00 ,69.00 ,80.00 ,71.00 ,0.00 ,11.00 ,20.00 ,31.00 ,64.00 ,30.00 ,4.00 ,2.00 ,0.00 ,1.44000005722046,93.00 ,7.00 ,705.00 ,2.00 
79,2460.00 ,284.00 ,581.00 ,497.00 ,84.00 ,70.00 ,26.00 ,0.00 ,14.00 ,23.00 ,25.00 ,22.00 ,29.00 ,23.00 ,21.00 ,6.00 ,2.59999990463257,63.00 ,32.00 ,182.00 ,2.00 
80,2479.00 ,284.00 ,784.00 ,739.00 ,45.00 ,23.00 ,25.00 ,0.00 ,21.00 ,21.00 ,36.00 ,5.00 ,21.00 ,20.00 ,44.00 ,10.00 ,3.3199999332428,58.00 ,25.00 ,166.00 ,1.00 
81,2459.00 ,284.00 ,871.00 ,840.00 ,31.00 ,NA,15.00 ,0.00 ,15.00 ,21.00 ,34.00 ,1.00 ,8.00 ,13.00 ,41.00 ,36.00 ,4.01999998092651,83.00 ,13.00 ,404.00 ,1.00 
82,105.00 ,294.00 ,567.00 ,535.00 ,32.00 ,62.00 ,43.00 ,0.00 ,20.00 ,20.00 ,31.00 ,19.00 ,24.00 ,32.00 ,21.00 ,4.00 ,2.67000007629395,80.00 ,25.00 ,626.00 ,2.00 
83,94.00 ,294.00 ,620.00 ,592.00 ,28.00 ,51.00 ,20.00 ,0.00 ,20.00 ,19.00 ,31.00 ,10.00 ,28.00 ,40.00 ,15.00 ,7.00 ,2.78999996185303,88.00 ,12.00 ,242.00 ,2.00 
84,93.00 ,294.00 ,761.00 ,726.00 ,35.00 ,15.00 ,3.00 ,0.00 ,21.00 ,20.00 ,29.00 ,1.00 ,14.00 ,30.00 ,37.00 ,19.00 ,3.59999990463257,86.00 ,14.00 ,267.00 ,1.00 
85,116.00 ,294.00 ,513.00 ,508.00 ,5.00 ,82.00 ,56.00 ,0.00 ,16.00 ,NA,31.00 ,25.00 ,36.00 ,26.00 ,10.00 ,4.00 ,2.30999994277954,46.00 ,42.00 ,558.00 ,3.00 
86,3236.00 ,316.00 ,912.00 ,900.00 ,12.00 ,NA,7.00 ,0.00 ,22.00 ,21.00 ,30.00 ,0.00 ,0.00 ,33.00 ,0.00 ,67.00 ,4.32999992370605,97.00 ,6.00 ,611.00 ,1.00 
87,3240.00 ,316.00 ,883.00 ,821.00 ,62.00 ,NA,20.00 ,0.00 ,35.00 ,19.00 ,31.00 ,0.00 ,0.00 ,0.00 ,100.00 ,0.00 ,4.00 ,100.00 ,0.00 ,440.00 ,1.00 
88,3241.00 ,316.00 ,844.00 ,834.00 ,10.00 ,NA,14.00 ,0.00 ,21.00 ,21.00 ,26.00 ,0.00 ,0.00 ,67.00 ,33.00 ,0.00 ,3.32999992370605,100.00 ,3.00 ,381.00 ,1.00 
89,3256.00 ,316.00 ,880.00 ,841.00 ,39.00 ,NA,7.00 ,0.00 ,11.00 ,21.00 ,31.00 ,0.00 ,50.00 ,50.00 ,0.00 ,0.00 ,2.50 ,90.00 ,3.00 ,503.00 ,1.00 
90,3250.00 ,316.00 ,894.00 ,881.00 ,13.00 ,NA,4.00 ,0.00 ,13.00 ,20.00 ,26.00 ,0.00 ,0.00 ,0.00 ,0.00 ,0.00 ,NA,97.00 ,0.00 ,466.00 ,1.00 
91,3247.00 ,316.00 ,858.00 ,818.00 ,40.00 ,NA,8.00 ,0.00 ,17.00 ,20.00 ,27.00 ,0.00 ,20.00 ,0.00 ,80.00 ,0.00 ,3.59999990463257,95.00 ,5.00 ,357.00 ,1.00 
92,3258.00 ,316.00 ,847.00 ,817.00 ,30.00 ,NA,7.00 ,0.00 ,17.00 ,20.00 ,31.00 ,0.00 ,0.00 ,0.00 ,0.00 ,0.00 ,NA,100.00 ,0.00 ,388.00 ,1.00 
93,1497.00 ,395.00 ,604.00 ,529.00 ,75.00 ,100.00 ,68.00 ,1.00 ,12.00 ,20.00 ,35.00 ,48.00 ,33.00 ,13.00 ,6.00 ,1.00 ,1.77999997138977,37.00 ,53.00 ,591.00 ,3.00 
94,1478.00 ,395.00 ,553.00 ,466.00 ,87.00 ,100.00 ,70.00 ,1.00 ,11.00 ,19.00 ,35.00 ,62.00 ,25.00 ,9.00 ,3.00 ,0.00 ,1.53999996185303,73.00 ,17.00 ,637.00 ,3.00 
95,1474.00 ,395.00 ,657.00 ,567.00 ,90.00 ,64.00 ,19.00 ,0.00 ,25.00 ,19.00 ,32.00 ,23.00 ,46.00 ,17.00 ,14.00 ,1.00 ,2.24000000953674,90.00 ,3.00 ,403.00 ,2.00 
96,1511.00 ,395.00 ,492.00 ,500.00 ,(8.00),89.00 ,48.00 ,0.00 ,42.00 ,18.00 ,31.00 ,32.00 ,32.00 ,24.00 ,10.00 ,2.00 ,2.19000005722046,44.00 ,47.00 ,810.00 ,3.00 
97,1539.00 ,395.00 ,700.00 ,711.00 ,(11.00),80.00 ,51.00 ,0.00 ,11.00 ,20.00 ,34.00 ,26.00 ,27.00 ,30.00 ,13.00 ,4.00 ,2.44000005722046,83.00 ,14.00 ,295.00 ,2.00 
98,1490.00 ,395.00 ,590.00 ,552.00 ,38.00 ,89.00 ,58.00 ,1.00 ,16.00 ,19.00 ,33.00 ,29.00 ,39.00 ,22.00 ,7.00 ,2.00 ,2.13000011444092,58.00 ,29.00 ,837.00 ,3.00 
99,1500.00 ,395.00 ,777.00 ,752.00 ,25.00 ,NA,11.00 ,0.00 ,15.00 ,20.00 ,34.00 ,4.00 ,32.00 ,23.00 ,31.00 ,10.00 ,3.10999989509583,84.00 ,9.00 ,669.00 ,1.00 
100,1515.00 ,395.00 ,667.00 ,625.00 ,42.00 ,85.00 ,52.00 ,1.00 ,18.00 ,19.00 ,34.00 ,41.00 ,36.00 ,12.00 ,8.00 ,3.00 ,1.97000002861023,80.00 ,16.00 ,621.00 ,3.00 
101,1512.00 ,395.00 ,769.00 ,752.00 ,17.00 ,47.00 ,20.00 ,0.00 ,17.00 ,16.00 ,25.00 ,16.00 ,11.00 ,30.00 ,30.00 ,13.00 ,3.13000011444092,95.00 ,5.00 ,467.00 ,2.00 
102,1475.00 ,395.00 ,650.00 ,631.00 ,19.00 ,78.00 ,33.00 ,0.00 ,21.00 ,19.00 ,32.00 ,19.00 ,37.00 ,26.00 ,11.00 ,8.00 ,2.51999998092651,85.00 ,15.00 ,262.00 ,2.00 
103,1522.00 ,395.00 ,561.00 ,427.00 ,134.00 ,100.00 ,86.00 ,1.00 ,8.00 ,20.00 ,35.00 ,44.00 ,37.00 ,14.00 ,5.00 ,0.00 ,1.80999994277954,48.00 ,31.00 ,795.00 ,3.00 
104,1472.00 ,395.00 ,561.00 ,537.00 ,24.00 ,83.00 ,28.00 ,0.00 ,21.00 ,19.00 ,34.00 ,7.00 ,39.00 ,25.00 ,26.00 ,3.00 ,2.78999996185303,45.00 ,41.00 ,750.00 ,3.00 
105,1516.00 ,395.00 ,597.00 ,543.00 ,54.00 ,100.00 ,71.00 ,1.00 ,15.00 ,20.00 ,34.00 ,55.00 ,26.00 ,13.00 ,5.00 ,1.00 ,1.71000003814697,68.00 ,32.00 ,590.00 ,3.00 
106,1489.00 ,395.00 ,568.00 ,507.00 ,61.00 ,84.00 ,55.00 ,1.00 ,16.00 ,20.00 ,33.00 ,33.00 ,47.00 ,14.00 ,4.00 ,2.00 ,1.96000003814697,78.00 ,15.00 ,1029.00 ,3.00 
107,1493.00 ,395.00 ,637.00 ,622.00 ,15.00 ,78.00 ,30.00 ,0.00 ,28.00 ,19.00 ,29.00 ,24.00 ,25.00 ,24.00 ,22.00 ,5.00 ,2.58999991416931,59.00 ,23.00 ,891.00 ,2.00 
108,1606.00 ,401.00 ,588.00 ,538.00 ,50.00 ,61.00 ,1.00 ,0.00 ,20.00 ,16.00 ,26.00 ,0.00 ,10.00 ,36.00 ,48.00 ,6.00 ,3.49000000953674,0.730000019073486,19.00 ,285.00 ,2.00 
109,1866.00 ,401.00 ,821.00 ,793.00 ,28.00 ,48.00 ,9.00 ,0.00 ,20.00 ,18.00 ,29.00 ,5.00 ,17.00 ,15.00 ,40.00 ,23.00 ,3.57999992370605,0.819999992847443,18.00 ,393.00 ,2.00 
110,1747.00 ,401.00 ,559.00 ,511.00 ,48.00 ,100.00 ,74.00 ,0.00 ,11.00 ,17.00 ,27.00 ,53.00 ,28.00 ,12.00 ,5.00 ,2.00 ,1.75 ,0.839999973773956,8.00 ,419.00 ,3.00 
111,1905.00 ,401.00 ,693.00 ,663.00 ,30.00 ,50.00 ,4.00 ,0.00 ,11.00 ,18.00 ,27.00 ,13.00 ,42.00 ,19.00 ,21.00 ,5.00 ,2.64000010490417,0.810000002384186,12.00 ,353.00 ,2.00 
112,1699.00 ,401.00 ,542.00 ,456.00 ,86.00 ,99.00 ,53.00 ,0.00 ,10.00 ,19.00 ,30.00 ,33.00 ,33.00 ,20.00 ,15.00 ,0.00 ,2.16000008583069,0.670000016689301,24.00 ,414.00 ,3.00 
113,2077.00 ,401.00 ,840.00 ,816.00 ,24.00 ,33.00 ,25.00 ,0.00 ,11.00 ,20.00 ,29.00 ,0.00 ,0.00 ,0.00 ,0.00 ,0.00 ,NA,1.00 ,0.00 ,276.00 ,1.00 
114,1959.00 ,401.00 ,621.00 ,605.00 ,16.00 ,82.00 ,45.00 ,0.00 ,17.00 ,18.00 ,25.00 ,42.00 ,50.00 ,8.00 ,0.00 ,0.00 ,1.66999995708466,0.860000014305115,11.00 ,320.00 ,3.00 
115,1914.00 ,401.00 ,487.00 ,489.00 ,(2.00),91.00 ,48.00 ,1.00 ,22.00 ,18.00 ,27.00 ,33.00 ,32.00 ,22.00 ,8.00 ,5.00 ,2.21000003814697,0.720000028610229,21.00 ,717.00 ,3.00 
116,1685.00 ,401.00 ,686.00 ,621.00 ,65.00 ,62.00 ,21.00 ,0.00 ,10.00 ,16.00 ,26.00 ,10.00 ,40.00 ,28.00 ,19.00 ,3.00 ,2.66000008583069,0.850000023841858,15.00 ,278.00 ,2.00 
117,1757.00 ,401.00 ,463.00 ,438.00 ,25.00 ,88.00 ,75.00 ,1.00 ,24.00 ,19.00 ,27.00 ,48.00 ,32.00 ,10.00 ,11.00 ,1.00 ,1.85000002384186,0.75 ,20.00 ,631.00 ,3.00 
118,2087.00 ,401.00 ,476.00 ,430.00 ,46.00 ,90.00 ,70.00 ,1.00 ,10.00 ,18.00 ,29.00 ,28.00 ,43.00 ,14.00 ,14.00 ,1.00 ,2.1800000667572,0.709999978542328,25.00 ,852.00 ,3.00 
119,1946.00 ,401.00 ,821.00 ,767.00 ,54.00 ,21.00 ,4.00 ,0.00 ,12.00 ,18.00 ,29.00 ,4.00 ,25.00 ,22.00 ,35.00 ,14.00 ,3.30999994277954,0.759999990463257,12.00 ,405.00 ,1.00 
120,1821.00 ,401.00 ,412.00 ,379.00 ,33.00 ,100.00 ,77.00 ,1.00 ,8.00 ,19.00 ,29.00 ,67.00 ,21.00 ,8.00 ,4.00 ,1.00 ,1.50 ,0.620000004768372,28.00 ,1264.00 ,3.00 
121,1881.00 ,401.00 ,394.00 ,382.00 ,12.00 ,99.00 ,42.00 ,1.00 ,22.00 ,17.00 ,26.00 ,29.00 ,35.00 ,23.00 ,11.00 ,3.00 ,2.23000001907349,0.680000007152557,24.00 ,629.00 ,3.00 
122,1862.00 ,401.00 ,815.00 ,785.00 ,30.00 ,24.00 ,18.00 ,0.00 ,15.00 ,18.00 ,30.00 ,10.00 ,9.00 ,10.00 ,32.00 ,39.00 ,3.80999994277954,1.00 ,0.00 ,300.00 ,1.00 
123,1932.00 ,401.00 ,694.00 ,631.00 ,63.00 ,56.00 ,24.00 ,0.00 ,24.00 ,18.00 ,30.00 ,18.00 ,36.00 ,16.00 ,25.00 ,5.00 ,2.64000010490417,0.810000002384186,12.00 ,361.00 ,2.00 
124,1919.00 ,401.00 ,433.00 ,425.00 ,8.00 ,100.00 ,74.00 ,1.00 ,15.00 ,19.00 ,31.00 ,49.00 ,29.00 ,9.00 ,5.00 ,8.00 ,1.96000003814697,0.50 ,36.00 ,859.00 ,3.00 
125,1788.00 ,401.00 ,560.00 ,504.00 ,56.00 ,72.00 ,1.00 ,0.00 ,26.00 ,17.00 ,27.00 ,3.00 ,6.00 ,52.00 ,27.00 ,13.00 ,3.39000010490417,0.730000019073486,19.00 ,321.00 ,2.00 
126,1664.00 ,401.00 ,572.00 ,535.00 ,37.00 ,76.00 ,44.00 ,0.00 ,12.00 ,18.00 ,25.00 ,19.00 ,26.00 ,24.00 ,22.00 ,8.00 ,2.73000001907349,0.899999976158142,7.00 ,380.00 ,2.00 
127,1885.00 ,401.00 ,605.00 ,600.00 ,5.00 ,68.00 ,31.00 ,0.00 ,15.00 ,17.00 ,24.00 ,11.00 ,19.00 ,15.00 ,52.00 ,3.00 ,3.16000008583069,0.810000002384186,19.00 ,277.00 ,2.00 
128,1682.00 ,401.00 ,755.00 ,716.00 ,39.00 ,27.00 ,2.00 ,0.00 ,10.00 ,16.00 ,31.00 ,1.00 ,18.00 ,34.00 ,29.00 ,19.00 ,3.48000001907349,0.839999973773956,8.00 ,283.00 ,1.00 
129,1853.00 ,401.00 ,475.00 ,415.00 ,60.00 ,95.00 ,64.00 ,0.00 ,21.00 ,20.00 ,28.00 ,32.00 ,36.00 ,18.00 ,11.00 ,2.00 ,2.14000010490417,0.670000016689301,29.00 ,307.00 ,3.00 
130,2082.00 ,401.00 ,520.00 ,476.00 ,44.00 ,95.00 ,53.00 ,1.00 ,27.00 ,18.00 ,29.00 ,43.00 ,30.00 ,17.00 ,7.00 ,3.00 ,1.97000002861023,0.479999989271164,42.00 ,1036.00 ,3.00 
131,1806.00 ,401.00 ,406.00 ,367.00 ,39.00 ,100.00 ,75.00 ,1.00 ,15.00 ,19.00 ,32.00 ,0.00 ,100.00 ,0.00 ,0.00 ,0.00 ,2.00 ,0.589999973773956,33.00 ,699.00 ,3.00 
132,1997.00 ,401.00 ,471.00 ,416.00 ,55.00 ,99.00 ,46.00 ,1.00 ,15.00 ,19.00 ,33.00 ,36.00 ,27.00 ,15.00 ,13.00 ,9.00 ,2.30999994277954,0.639999985694885,30.00 ,743.00 ,3.00 
133,1701.00 ,401.00 ,664.00 ,594.00 ,70.00 ,52.00 ,22.00 ,0.00 ,19.00 ,16.00 ,31.00 ,4.00 ,17.00 ,28.00 ,38.00 ,13.00 ,3.39000010490417,0.639999985694885,20.00 ,371.00 ,2.00 
134,1926.00 ,401.00 ,457.00 ,399.00 ,58.00 ,91.00 ,74.00 ,1.00 ,31.00 ,20.00 ,28.00 ,45.00 ,36.00 ,11.00 ,8.00 ,1.00 ,1.8400000333786,0.660000026226044,23.00 ,1059.00 ,3.00 
135,1633.00 ,401.00 ,584.00 ,501.00 ,83.00 ,97.00 ,61.00 ,0.00 ,15.00 ,14.00 ,25.00 ,52.00 ,43.00 ,2.00 ,3.00 ,0.00 ,1.55999994277954,0.860000014305115,7.00 ,244.00 ,3.00 
136,1690.00 ,401.00 ,735.00 ,693.00 ,42.00 ,71.00 ,24.00 ,0.00 ,10.00 ,18.00 ,27.00 ,7.00 ,17.00 ,17.00 ,31.00 ,29.00 ,3.57999992370605,0.800000011920929,7.00 ,388.00 ,2.00 
137,1696.00 ,401.00 ,536.00 ,508.00 ,28.00 ,77.00 ,9.00 ,0.00 ,18.00 ,19.00 ,29.00 ,7.00 ,25.00 ,28.00 ,36.00 ,4.00 ,3.04999995231628,0.50 ,35.00 ,528.00 ,2.00 
138,1775.00 ,401.00 ,771.00 ,708.00 ,63.00 ,31.00 ,11.00 ,0.00 ,16.00 ,17.00 ,28.00 ,10.00 ,26.00 ,23.00 ,26.00 ,14.00 ,3.0699999332428,0.810000002384186,15.00 ,328.00 ,1.00 
139,1673.00 ,401.00 ,483.00 ,436.00 ,47.00 ,100.00 ,76.00 ,0.00 ,12.00 ,19.00 ,31.00 ,31.00 ,33.00 ,14.00 ,16.00 ,5.00 ,2.29999995231628,0.589999973773956,26.00 ,492.00 ,3.00 
140,1863.00 ,401.00 ,387.00 ,338.00 ,49.00 ,96.00 ,80.00 ,1.00 ,14.00 ,19.00 ,28.00 ,67.00 ,21.00 ,7.00 ,4.00 ,1.00 ,1.50 ,0.529999971389771,32.00 ,1013.00 ,3.00 
141,1990.00 ,401.00 ,650.00 ,611.00 ,39.00 ,75.00 ,64.00 ,1.00 ,9.00 ,20.00 ,28.00 ,19.00 ,24.00 ,13.00 ,38.00 ,6.00 ,2.88000011444092,0.800000011920929,10.00 ,848.00 ,2.00 
142,1752.00 ,401.00 ,467.00 ,442.00 ,25.00 ,100.00 ,70.00 ,0.00 ,16.00 ,19.00 ,28.00 ,52.00 ,32.00 ,9.00 ,6.00 ,1.00 ,1.73000001907349,0.769999980926514,17.00 ,621.00 ,3.00 
143,1782.00 ,401.00 ,548.00 ,512.00 ,36.00 ,70.00 ,59.00 ,0.00 ,14.00 ,16.00 ,34.00 ,13.00 ,31.00 ,17.00 ,30.00 ,9.00 ,2.90000009536743,0.829999983310699,17.00 ,336.00 ,2.00 
144,1995.00 ,401.00 ,756.00 ,717.00 ,39.00 ,17.00 ,4.00 ,0.00 ,14.00 ,19.00 ,31.00 ,5.00 ,48.00 ,10.00 ,32.00 ,6.00 ,2.84999990463257,0.899999976158142,10.00 ,455.00 ,1.00 
145,1638.00 ,401.00 ,440.00 ,403.00 ,37.00 ,97.00 ,54.00 ,0.00 ,20.00 ,18.00 ,30.00 ,26.00 ,27.00 ,12.00 ,32.00 ,1.00 ,2.54999995231628,0.449999988079071,39.00 ,1149.00 ,3.00 
146,1815.00 ,401.00 ,581.00 ,548.00 ,33.00 ,100.00 ,63.00 ,0.00 ,23.00 ,19.00 ,24.00 ,43.00 ,35.00 ,12.00 ,8.00 ,2.00 ,1.91999995708466,0.800000011920929,12.00 ,290.00 ,3.00 
147,1709.00 ,401.00 ,515.00 ,487.00 ,28.00 ,96.00 ,66.00 ,0.00 ,18.00 ,19.00 ,27.00 ,9.00 ,21.00 ,18.00 ,29.00 ,24.00 ,3.38000011444092,0.610000014305115,21.00 ,726.00 ,3.00 
148,1812.00 ,401.00 ,917.00 ,902.00 ,15.00 ,6.00 ,3.00 ,0.00 ,8.00 ,17.00 ,31.00 ,1.00 ,2.00 ,7.00 ,37.00 ,54.00 ,4.40999984741211,0.949999988079071,0.00 ,436.00 ,1.00 
149,1742.00 ,401.00 ,657.00 ,615.00 ,42.00 ,63.00 ,23.00 ,0.00 ,22.00 ,16.00 ,30.00 ,19.00 ,19.00 ,29.00 ,29.00 ,3.00 ,2.76999998092651,0.629999995231628,27.00 ,403.00 ,2.00 
150,1799.00 ,401.00 ,723.00 ,673.00 ,50.00 ,41.00 ,11.00 ,1.00 ,15.00 ,18.00 ,31.00 ,11.00 ,34.00 ,19.00 ,30.00 ,7.00 ,2.86999988555908,0.850000023841858,9.00 ,807.00 ,1.00 
151,1907.00 ,401.00 ,506.00 ,482.00 ,24.00 ,79.00 ,7.00 ,0.00 ,24.00 ,17.00 ,27.00 ,46.00 ,25.00 ,16.00 ,12.00 ,1.00 ,1.96000003814697,0.560000002384186,38.00 ,637.00 ,2.00 
152,1924.00 ,401.00 ,569.00 ,514.00 ,55.00 ,76.00 ,28.00 ,0.00 ,13.00 ,16.00 ,24.00 ,14.00 ,40.00 ,22.00 ,22.00 ,3.00 ,2.59999990463257,0.730000019073486,27.00 ,306.00 ,2.00 
153,1781.00 ,401.00 ,466.00 ,442.00 ,24.00 ,94.00 ,13.00 ,0.00 ,16.00 ,18.00 ,29.00 ,8.00 ,31.00 ,33.00 ,25.00 ,3.00 ,2.83999991416931,0.730000019073486,29.00 ,715.00 ,3.00 
154,1897.00 ,401.00 ,660.00 ,624.00 ,36.00 ,55.00 ,31.00 ,0.00 ,14.00 ,18.00 ,29.00 ,12.00 ,20.00 ,19.00 ,31.00 ,18.00 ,3.22000002861023,0.800000011920929,15.00 ,559.00 ,2.00 
155,1596.00 ,401.00 ,536.00 ,456.00 ,80.00 ,95.00 ,70.00 ,1.00 ,13.00 ,20.00 ,29.00 ,28.00 ,43.00 ,19.00 ,7.00 ,2.00 ,2.11999988555908,0.610000014305115,24.00 ,514.00 ,3.00 
156,1868.00 ,401.00 ,486.00 ,422.00 ,64.00 ,96.00 ,75.00 ,1.00 ,16.00 ,19.00 ,30.00 ,79.00 ,17.00 ,3.00 ,2.00 ,0.00 ,1.27999997138977,0.469999998807907,53.00 ,617.00 ,3.00 
157,1909.00 ,401.00 ,453.00 ,423.00 ,30.00 ,98.00 ,53.00 ,0.00 ,13.00 ,18.00 ,29.00 ,19.00 ,36.00 ,17.00 ,25.00 ,4.00 ,2.5699999332428,0.610000014305115,30.00 ,570.00 ,3.00 
158,1600.00 ,401.00 ,683.00 ,631.00 ,52.00 ,63.00 ,5.00 ,0.00 ,21.00 ,17.00 ,28.00 ,3.00 ,20.00 ,22.00 ,48.00 ,7.00 ,3.36999988555908,0.639999985694885,30.00 ,428.00 ,2.00 
159,1894.00 ,401.00 ,459.00 ,426.00 ,33.00 ,99.00 ,69.00 ,1.00 ,8.00 ,19.00 ,24.00 ,46.00 ,29.00 ,13.00 ,7.00 ,4.00 ,1.94000005722046,0.769999980926514,25.00 ,833.00 ,3.00 
160,1895.00 ,401.00 ,456.00 ,415.00 ,41.00 ,95.00 ,65.00 ,1.00 ,20.00 ,18.00 ,29.00 ,98.00 ,1.00 ,1.00 ,1.00 ,0.00 ,1.05999994277954,0.579999983310699,28.00 ,821.00 ,3.00 
161,1889.00 ,401.00 ,612.00 ,555.00 ,57.00 ,83.00 ,20.00 ,0.00 ,19.00 ,19.00 ,27.00 ,2.00 ,48.00 ,25.00 ,15.00 ,11.00 ,2.84999990463257,0.810000002384186,6.00 ,259.00 ,3.00 
162,1741.00 ,401.00 ,387.00 ,365.00 ,22.00 ,99.00 ,75.00 ,1.00 ,21.00 ,18.00 ,28.00 ,23.00 ,41.00 ,13.00 ,16.00 ,7.00 ,2.4300000667572,0.660000026226044,28.00 ,761.00 ,3.00 
163,1769.00 ,401.00 ,420.00 ,407.00 ,13.00 ,98.00 ,91.00 ,1.00 ,31.00 ,19.00 ,30.00 ,49.00 ,35.00 ,10.00 ,6.00 ,1.00 ,1.75 ,0.670000016689301,23.00 ,1529.00 ,3.00 
164,1941.00 ,401.00 ,495.00 ,451.00 ,44.00 ,96.00 ,41.00 ,1.00 ,21.00 ,18.00 ,29.00 ,0.00 ,100.00 ,0.00 ,0.00 ,0.00 ,2.00 ,0.569999992847443,30.00 ,1127.00 ,3.00 
165,1744.00 ,401.00 ,552.00 ,491.00 ,61.00 ,97.00 ,86.00 ,1.00 ,10.00 ,19.00 ,28.00 ,32.00 ,30.00 ,21.00 ,16.00 ,2.00 ,2.25999999046326,0.689999997615814,27.00 ,1009.00 ,3.00 
166,1680.00 ,401.00 ,744.00 ,737.00 ,7.00 ,31.00 ,2.00 ,0.00 ,22.00 ,16.00 ,29.00 ,1.00 ,6.00 ,21.00 ,55.00 ,16.00 ,3.77999997138977,0.810000002384186,11.00 ,326.00 ,1.00 
167,1858.00 ,401.00 ,477.00 ,424.00 ,53.00 ,98.00 ,56.00 ,0.00 ,22.00 ,19.00 ,28.00 ,10.00 ,48.00 ,10.00 ,33.00 ,0.00 ,2.67000007629395,0.419999986886978,39.00 ,446.00 ,3.00 
168,2074.00 ,401.00 ,474.00 ,427.00 ,47.00 ,89.00 ,64.00 ,0.00 ,28.00 ,19.00 ,27.00 ,44.00 ,30.00 ,18.00 ,5.00 ,4.00 ,1.94000005722046,0.75 ,17.00 ,450.00 ,3.00 
169,1949.00 ,401.00 ,696.00 ,636.00 ,60.00 ,66.00 ,22.00 ,0.00 ,17.00 ,16.00 ,29.00 ,11.00 ,44.00 ,25.00 ,19.00 ,2.00 ,2.5699999332428,0.959999978542328,11.00 ,373.00 ,2.00 
170,1903.00 ,401.00 ,592.00 ,489.00 ,103.00 ,100.00 ,67.00 ,0.00 ,8.00 ,18.00 ,27.00 ,42.00 ,21.00 ,19.00 ,16.00 ,3.00 ,2.1800000667572,0.800000011920929,10.00 ,443.00 ,3.00 
171,1651.00 ,401.00 ,650.00 ,599.00 ,51.00 ,73.00 ,40.00 ,0.00 ,7.00 ,19.00 ,29.00 ,7.00 ,25.00 ,16.00 ,43.00 ,10.00 ,3.24000000953674,0.560000002384186,33.00 ,722.00 ,2.00 
172,1723.00 ,401.00 ,369.00 ,354.00 ,15.00 ,99.00 ,83.00 ,1.00 ,16.00 ,19.00 ,31.00 ,74.00 ,18.00 ,7.00 ,1.00 ,0.00 ,1.3400000333786,0.600000023841858,33.00 ,1009.00 ,3.00 
173,1783.00 ,401.00 ,437.00 ,377.00 ,60.00 ,99.00 ,90.00 ,1.00 ,9.00 ,19.00 ,28.00 ,71.00 ,19.00 ,5.00 ,4.00 ,1.00 ,1.44000005722046,0.649999976158142,31.00 ,943.00 ,3.00 
174,1634.00 ,401.00 ,551.00 ,505.00 ,46.00 ,76.00 ,59.00 ,0.00 ,16.00 ,16.00 ,28.00 ,0.00 ,50.00 ,25.00 ,25.00 ,0.00 ,2.75 ,0.670000016689301,24.00 ,167.00 ,2.00 
175,2088.00 ,401.00 ,429.00 ,419.00 ,10.00 ,92.00 ,78.00 ,1.00 ,15.00 ,19.00 ,26.00 ,61.00 ,23.00 ,10.00 ,4.00 ,3.00 ,1.6599999666214,0.620000004768372,26.00 ,768.00 ,3.00 
176,1925.00 ,401.00 ,435.00 ,425.00 ,10.00 ,98.00 ,72.00 ,1.00 ,14.00 ,18.00 ,27.00 ,41.00 ,28.00 ,17.00 ,13.00 ,2.00 ,2.05999994277954,0.730000019073486,21.00 ,965.00 ,3.00 
177,1851.00 ,401.00 ,747.00 ,735.00 ,12.00 ,47.00 ,14.00 ,0.00 ,19.00 ,18.00 ,24.00 ,7.00 ,29.00 ,28.00 ,25.00 ,10.00 ,3.01999998092651,0.949999988079071,5.00 ,239.00 ,2.00 
178,1616.00 ,401.00 ,512.00 ,480.00 ,32.00 ,88.00 ,27.00 ,0.00 ,13.00 ,16.00 ,22.00 ,10.00 ,24.00 ,35.00 ,30.00 ,2.00 ,2.90000009536743,0.850000023841858,19.00 ,297.00 ,3.00 
179,2092.00 ,401.00 ,474.00 ,423.00 ,51.00 ,98.00 ,65.00 ,1.00 ,14.00 ,18.00 ,28.00 ,32.00 ,32.00 ,23.00 ,6.00 ,6.00 ,2.22000002861023,0.519999980926514,33.00 ,587.00 ,3.00 
180,1652.00 ,401.00 ,850.00 ,832.00 ,18.00 ,12.00 ,5.00 ,0.00 ,5.00 ,18.00 ,31.00 ,3.00 ,5.00 ,13.00 ,38.00 ,41.00 ,4.07999992370605,0.939999997615814,6.00 ,235.00 ,1.00 
181,1820.00 ,401.00 ,551.00 ,504.00 ,47.00 ,83.00 ,37.00 ,1.00 ,17.00 ,19.00 ,28.00 ,29.00 ,37.00 ,15.00 ,17.00 ,3.00 ,2.27999997138977,0.759999990463257,17.00 ,651.00 ,3.00 
182,1791.00 ,401.00 ,482.00 ,441.00 ,41.00 ,100.00 ,67.00 ,1.00 ,35.00 ,18.00 ,29.00 ,42.00 ,32.00 ,17.00 ,9.00 ,0.00 ,1.92999994754791,0.75 ,21.00 ,787.00 ,3.00 
183,1677.00 ,401.00 ,534.00 ,482.00 ,52.00 ,100.00 ,49.00 ,0.00 ,22.00 ,19.00 ,25.00 ,43.00 ,41.00 ,12.00 ,3.00 ,1.00 ,1.76999998092651,0.670000016689301,21.00 ,259.00 ,3.00 
184,1836.00 ,401.00 ,506.00 ,462.00 ,44.00 ,87.00 ,22.00 ,0.00 ,22.00 ,18.00 ,23.00 ,22.00 ,47.00 ,25.00 ,5.00 ,1.00 ,2.13000011444092,0.720000028610229,17.00 ,213.00 ,3.00 
185,1743.00 ,401.00 ,556.00 ,508.00 ,48.00 ,86.00 ,56.00 ,0.00 ,18.00 ,18.00 ,27.00 ,46.00 ,31.00 ,2.00 ,16.00 ,4.00 ,2.01999998092651,0.810000002384186,14.00 ,372.00 ,3.00 
186,1801.00 ,401.00 ,457.00 ,395.00 ,62.00 ,100.00 ,59.00 ,1.00 ,21.00 ,19.00 ,27.00 ,18.00 ,52.00 ,14.00 ,16.00 ,0.00 ,2.28999996185303,0.790000021457672,21.00 ,333.00 ,3.00 
187,1678.00 ,401.00 ,497.00 ,440.00 ,57.00 ,95.00 ,66.00 ,1.00 ,18.00 ,19.00 ,30.00 ,45.00 ,36.00 ,11.00 ,8.00 ,0.00 ,1.82000005245209,0.670000016689301,33.00 ,1112.00 ,3.00 
188,1731.00 ,401.00 ,719.00 ,684.00 ,35.00 ,79.00 ,48.00 ,0.00 ,15.00 ,19.00 ,32.00 ,7.00 ,19.00 ,28.00 ,34.00 ,13.00 ,3.25999999046326,0.689999997615814,23.00 ,367.00 ,2.00 
189,1961.00 ,401.00 ,582.00 ,538.00 ,44.00 ,89.00 ,67.00 ,1.00 ,26.00 ,19.00 ,27.00 ,26.00 ,17.00 ,16.00 ,28.00 ,13.00 ,2.83999991416931,0.680000007152557,32.00 ,401.00 ,3.00 
190,1900.00 ,401.00 ,486.00 ,453.00 ,33.00 ,96.00 ,84.00 ,1.00 ,19.00 ,19.00 ,26.00 ,48.00 ,27.00 ,13.00 ,11.00 ,1.00 ,1.88999998569489,0.689999997615814,27.00 ,739.00 ,3.00 
191,1740.00 ,401.00 ,521.00 ,452.00 ,69.00 ,99.00 ,64.00 ,0.00 ,12.00 ,18.00 ,29.00 ,49.00 ,25.00 ,17.00 ,7.00 ,1.00 ,1.87000000476837,0.790000021457672,15.00 ,484.00 ,3.00 
192,1977.00 ,401.00 ,386.00 ,358.00 ,28.00 ,96.00 ,65.00 ,1.00 ,23.00 ,19.00 ,25.00 ,40.00 ,60.00 ,0.00 ,0.00 ,0.00 ,1.60000002384186,0.46000000834465,42.00 ,364.00 ,3.00 
193,1952.00 ,401.00 ,397.00 ,333.00 ,64.00 ,98.00 ,84.00 ,1.00 ,8.00 ,19.00 ,27.00 ,33.00 ,0.00 ,0.00 ,67.00 ,0.00 ,3.00 ,0.540000021457672,40.00 ,1004.00 ,3.00 
194,1625.00 ,401.00 ,631.00 ,604.00 ,27.00 ,65.00 ,18.00 ,0.00 ,23.00 ,18.00 ,27.00 ,13.00 ,24.00 ,31.00 ,25.00 ,6.00 ,2.85999989509583,0.819999992847443,15.00 ,464.00 ,2.00 
195,1994.00 ,401.00 ,428.00 ,396.00 ,32.00 ,97.00 ,43.00 ,1.00 ,24.00 ,19.00 ,30.00 ,37.00 ,30.00 ,14.00 ,18.00 ,1.00 ,2.16000008583069,0.589999973773956,39.00 ,922.00 ,3.00 
196,1978.00 ,401.00 ,894.00 ,860.00 ,34.00 ,13.00 ,1.00 ,0.00 ,22.00 ,19.00 ,26.00 ,1.00 ,21.00 ,19.00 ,43.00 ,15.00 ,3.50 ,0.930000007152557,5.00 ,615.00 ,1.00 
197,1805.00 ,401.00 ,421.00 ,399.00 ,22.00 ,99.00 ,86.00 ,1.00 ,9.00 ,18.00 ,29.00 ,67.00 ,0.00 ,0.00 ,0.00 ,33.00 ,2.32999992370605,0.829999983310699,12.00 ,1081.00 ,3.00 
198,1704.00 ,401.00 ,524.00 ,511.00 ,13.00 ,97.00 ,53.00 ,1.00 ,9.00 ,17.00 ,26.00 ,39.00 ,29.00 ,16.00 ,13.00 ,2.00 ,2.08999991416931,0.610000014305115,33.00 ,338.00 ,3.00 
199,1597.00 ,401.00 ,532.00 ,506.00 ,26.00 ,100.00 ,74.00 ,1.00 ,7.00 ,19.00 ,29.00 ,42.00 ,26.00 ,15.00 ,15.00 ,3.00 ,2.13000011444092,0.75 ,20.00 ,1007.00 ,3.00 
200,1872.00 ,401.00 ,674.00 ,634.00 ,40.00 ,72.00 ,44.00 ,0.00 ,7.00 ,17.00 ,21.00 ,58.00 ,34.00 ,5.00 ,2.00 ,1.00 ,1.52999997138977,0.569999992847443,36.00 ,151.00 ,2.00 
201,1729.00 ,401.00 ,589.00 ,511.00 ,78.00 ,82.00 ,43.00 ,0.00 ,20.00 ,18.00 ,25.00 ,43.00 ,30.00 ,15.00 ,10.00 ,2.00 ,1.97000002861023,0.730000019073486,18.00 ,245.00 ,3.00 
202,1612.00 ,401.00 ,437.00 ,363.00 ,74.00 ,97.00 ,71.00 ,1.00 ,25.00 ,19.00 ,29.00 ,89.00 ,11.00 ,0.00 ,0.00 ,0.00 ,1.11000001430511,0.509999990463257,37.00 ,704.00 ,3.00 
203,1621.00 ,401.00 ,717.00 ,667.00 ,50.00 ,72.00 ,29.00 ,0.00 ,20.00 ,18.00 ,29.00 ,33.00 ,36.00 ,12.00 ,17.00 ,2.00 ,2.20000004768372,0.899999976158142,10.00 ,236.00 ,2.00 
204,1763.00 ,401.00 ,586.00 ,539.00 ,47.00 ,80.00 ,50.00 ,0.00 ,19.00 ,19.00 ,27.00 ,39.00 ,41.00 ,12.00 ,8.00 ,1.00 ,1.89999997615814,0.790000021457672,24.00 ,499.00 ,2.00 
205,1854.00 ,401.00 ,470.00 ,444.00 ,26.00 ,98.00 ,45.00 ,0.00 ,17.00 ,19.00 ,29.00 ,28.00 ,56.00 ,12.00 ,3.00 ,1.00 ,1.94000005722046,0.50 ,31.00 ,703.00 ,3.00 
206,1611.00 ,401.00 ,474.00 ,415.00 ,59.00 ,100.00 ,73.00 ,1.00 ,12.00 ,19.00 ,31.00 ,41.00 ,35.00 ,15.00 ,7.00 ,1.00 ,1.91999995708466,0.649999976158142,26.00 ,738.00 ,3.00 
207,1778.00 ,401.00 ,699.00 ,660.00 ,39.00 ,67.00 ,35.00 ,0.00 ,21.00 ,19.00 ,27.00 ,6.00 ,12.00 ,20.00 ,46.00 ,16.00 ,3.53999996185303,0.699999988079071,17.00 ,665.00 ,2.00 
208,1615.00 ,401.00 ,657.00 ,625.00 ,32.00 ,75.00 ,6.00 ,0.00 ,26.00 ,18.00 ,26.00 ,4.00 ,23.00 ,25.00 ,36.00 ,12.00 ,3.28999996185303,0.810000002384186,22.00 ,508.00 ,2.00 
209,1795.00 ,401.00 ,759.00 ,725.00 ,34.00 ,33.00 ,18.00 ,0.00 ,19.00 ,14.00 ,29.00 ,2.00 ,39.00 ,18.00 ,34.00 ,7.00 ,3.04999995231628,0.939999997615814,13.00 ,355.00 ,1.00 
210,2080.00 ,401.00 ,493.00 ,484.00 ,9.00 ,82.00 ,67.00 ,1.00 ,20.00 ,19.00 ,28.00 ,37.00 ,33.00 ,14.00 ,13.00 ,2.00 ,2.08999991416931,0.649999976158142,29.00 ,1570.00 ,3.00 
211,1671.00 ,401.00 ,853.00 ,812.00 ,41.00 ,37.00 ,16.00 ,0.00 ,15.00 ,18.00 ,34.00 ,2.00 ,6.00 ,11.00 ,29.00 ,53.00 ,4.25 ,0.920000016689301,8.00 ,311.00 ,1.00 
212,416.00 ,473.00 ,866.00 ,836.00 ,30.00 ,NA,1.00 ,0.00 ,11.00 ,22.00 ,33.00 ,0.00 ,2.00 ,18.00 ,51.00 ,30.00 ,4.07000017166138,100.00 ,3.00 ,517.00 ,1.00 
213,425.00 ,473.00 ,657.00 ,593.00 ,64.00 ,45.00 ,11.00 ,0.00 ,16.00 ,21.00 ,31.00 ,10.00 ,24.00 ,40.00 ,19.00 ,7.00 ,2.90000009536743,100.00 ,3.00 ,510.00 ,1.00 
214,419.00 ,473.00 ,850.00 ,808.00 ,42.00 ,NA,5.00 ,0.00 ,13.00 ,21.00 ,33.00 ,5.00 ,7.00 ,27.00 ,40.00 ,22.00 ,3.6800000667572,100.00 ,3.00 ,422.00 ,1.00 
215,402.00 ,473.00 ,893.00 ,845.00 ,48.00 ,NA,4.00 ,0.00 ,16.00 ,20.00 ,30.00 ,0.00 ,3.00 ,14.00 ,39.00 ,43.00 ,4.21999979019165,93.00 ,4.00 ,382.00 ,1.00 
216,430.00 ,473.00 ,745.00 ,663.00 ,82.00 ,17.00 ,3.00 ,0.00 ,17.00 ,20.00 ,33.00 ,4.00 ,26.00 ,42.00 ,23.00 ,5.00 ,3.00 ,89.00 ,11.00 ,240.00 ,1.00 
217,406.00 ,473.00 ,719.00 ,670.00 ,49.00 ,31.00 ,6.00 ,0.00 ,17.00 ,21.00 ,30.00 ,6.00 ,25.00 ,34.00 ,26.00 ,8.00 ,3.04999995231628,100.00 ,0.00 ,384.00 ,1.00 
218,412.00 ,473.00 ,783.00 ,725.00 ,58.00 ,NA,5.00 ,0.00 ,21.00 ,20.00 ,29.00 ,7.00 ,35.00 ,38.00 ,15.00 ,5.00 ,2.76999998092651,100.00 ,4.00 ,333.00 ,1.00 
219,413.00 ,473.00 ,615.00 ,523.00 ,92.00 ,75.00 ,36.00 ,0.00 ,17.00 ,22.00 ,29.00 ,0.00 ,0.00 ,0.00 ,0.00 ,0.00 ,NA,91.00 ,15.00 ,419.00 ,2.00 
220,3070.00 ,491.00 ,479.00 ,443.00 ,36.00 ,91.00 ,82.00 ,0.00 ,14.00 ,20.00 ,28.00 ,55.00 ,21.00 ,16.00 ,6.00 ,2.00 ,1.78999996185303,94.00 ,6.00 ,396.00 ,3.00 
221,3072.00 ,491.00 ,763.00 ,769.00 ,(6.00),15.00 ,19.00 ,0.00 ,18.00 ,19.00 ,NA,7.00 ,18.00 ,36.00 ,27.00 ,11.00 ,3.17000007629395,100.00 ,0.00 ,187.00 ,1.00 
222,3060.00 ,491.00 ,669.00 ,670.00 ,(1.00),48.00 ,40.00 ,0.00 ,19.00 ,18.00 ,28.00 ,20.00 ,17.00 ,33.00 ,20.00 ,10.00 ,2.82999992370605,91.00 ,13.00 ,235.00 ,2.00 
223,3051.00 ,491.00 ,892.00 ,882.00 ,10.00 ,NA,1.00 ,0.00 ,20.00 ,19.00 ,30.00 ,0.00 ,4.00 ,10.00 ,38.00 ,48.00 ,4.28999996185303,100.00 ,0.00 ,523.00 ,1.00 
224,3055.00 ,491.00 ,590.00 ,587.00 ,3.00 ,66.00 ,52.00 ,0.00 ,10.00 ,19.00 ,NA,30.00 ,23.00 ,26.00 ,15.00 ,6.00 ,2.46000003814697,87.00 ,13.00 ,198.00 ,2.00 
225,194.00 ,507.00 ,514.00 ,527.00 ,(13.00),76.00 ,48.00 ,0.00 ,16.00 ,19.00 ,30.00 ,31.00 ,44.00 ,16.00 ,8.00 ,1.00 ,2.02999997138977,76.00 ,2.00 ,602.00 ,2.00 
226,211.00 ,507.00 ,386.00 ,360.00 ,26.00 ,75.00 ,48.00 ,1.00 ,14.00 ,20.00 ,29.00 ,34.00 ,42.00 ,21.00 ,4.00 ,0.00 ,1.94000005722046,57.00 ,22.00 ,413.00 ,2.00 
227,182.00 ,507.00 ,411.00 ,413.00 ,(2.00),81.00 ,45.00 ,0.00 ,22.00 ,19.00 ,28.00 ,12.00 ,57.00 ,22.00 ,8.00 ,1.00 ,2.29999995231628,64.00 ,29.00 ,494.00 ,3.00 
228,167.00 ,507.00 ,774.00 ,757.00 ,17.00 ,NA,51.00 ,0.00 ,7.00 ,19.00 ,26.00 ,19.00 ,30.00 ,24.00 ,20.00 ,8.00 ,2.67000007629395,95.00 ,0.00 ,255.00 ,2.00 
229,203.00 ,507.00 ,844.00 ,827.00 ,17.00 ,NA,2.00 ,0.00 ,6.00 ,19.00 ,29.00 ,4.00 ,25.00 ,24.00 ,31.00 ,16.00 ,3.28999996185303,100.00 ,0.00 ,179.00 ,1.00 
230,187.00 ,507.00 ,498.00 ,480.00 ,18.00 ,77.00 ,30.00 ,0.00 ,19.00 ,20.00 ,30.00 ,31.00 ,32.00 ,31.00 ,5.00 ,1.00 ,2.13000011444092,78.00 ,11.00 ,322.00 ,2.00 
231,201.00 ,507.00 ,624.00 ,558.00 ,66.00 ,59.00 ,16.00 ,0.00 ,13.00 ,18.00 ,29.00 ,20.00 ,31.00 ,31.00 ,12.00 ,5.00 ,2.50 ,100.00 ,0.00 ,191.00 ,2.00 
232,210.00 ,507.00 ,432.00 ,430.00 ,2.00 ,90.00 ,29.00 ,0.00 ,17.00 ,19.00 ,29.00 ,11.00 ,32.00 ,19.00 ,35.00 ,4.00 ,2.88000011444092,58.00 ,25.00 ,595.00 ,3.00 
233,184.00 ,507.00 ,435.00 ,445.00 ,(10.00),87.00 ,70.00 ,1.00 ,4.00 ,19.00 ,30.00 ,51.00 ,24.00 ,17.00 ,5.00 ,3.00 ,1.85000002384186,69.00 ,15.00 ,643.00 ,3.00 
234,165.00 ,507.00 ,449.00 ,434.00 ,15.00 ,71.00 ,21.00 ,0.00 ,19.00 ,20.00 ,31.00 ,30.00 ,55.00 ,9.00 ,6.00 ,0.00 ,1.91999995708466,45.00 ,31.00 ,367.00 ,2.00 
235,181.00 ,507.00 ,724.00 ,714.00 ,10.00 ,15.00 ,3.00 ,0.00 ,18.00 ,21.00 ,29.00 ,2.00 ,15.00 ,32.00 ,34.00 ,18.00 ,3.50999999046326,93.00 ,7.00 ,196.00 ,1.00 
236,198.00 ,507.00 ,894.00 ,859.00 ,35.00 ,NA,2.00 ,0.00 ,7.00 ,20.00 ,30.00 ,0.00 ,13.00 ,17.00 ,34.00 ,36.00 ,3.92000007629395,95.00 ,5.00 ,213.00 ,1.00 
237,2240.00 ,541.00 ,599.00 ,541.00 ,58.00 ,76.00 ,12.00 ,0.00 ,20.00 ,19.00 ,24.00 ,0.00 ,0.00 ,0.00 ,0.00 ,0.00 ,NA,61.00 ,44.00 ,198.00 ,2.00 
238,2247.00 ,541.00 ,508.00 ,486.00 ,22.00 ,77.00 ,43.00 ,0.00 ,16.00 ,20.00 ,28.00 ,0.00 ,0.00 ,0.00 ,0.00 ,0.00 ,NA,44.00 ,48.00 ,333.00 ,2.00 
239,2267.00 ,570.00 ,897.00 ,888.00 ,9.00 ,NA,1.00 ,0.00 ,13.00 ,22.00 ,31.00 ,1.00 ,28.00 ,23.00 ,39.00 ,8.00 ,3.25 ,75.00 ,25.00 ,547.00 ,1.00 
240,2278.00 ,570.00 ,457.00 ,404.00 ,53.00 ,93.00 ,62.00 ,1.00 ,16.00 ,21.00 ,30.00 ,47.00 ,32.00 ,16.00 ,3.00 ,1.00 ,1.78999996185303,53.00 ,44.00 ,684.00 ,3.00 
241,2282.00 ,570.00 ,582.00 ,553.00 ,29.00 ,64.00 ,25.00 ,0.00 ,20.00 ,21.00 ,31.00 ,19.00 ,30.00 ,28.00 ,17.00 ,6.00 ,2.60999989509583,86.00 ,14.00 ,312.00 ,2.00 
242,4448.00 ,575.00 ,903.00 ,884.00 ,19.00 ,NA,12.00 ,0.00 ,7.00 ,20.00 ,28.00 ,1.00 ,2.00 ,10.00 ,40.00 ,47.00 ,4.32000017166138,100.00 ,0.00 ,696.00 ,1.00 
243,4435.00 ,575.00 ,863.00 ,839.00 ,24.00 ,NA,10.00 ,0.00 ,12.00 ,18.00 ,33.00 ,0.00 ,4.00 ,16.00 ,40.00 ,40.00 ,4.15999984741211,100.00 ,7.00 ,393.00 ,1.00 
244,4449.00 ,575.00 ,844.00 ,848.00 ,(4.00),NA,13.00 ,0.00 ,15.00 ,19.00 ,28.00 ,0.00 ,3.00 ,21.00 ,41.00 ,34.00 ,4.05000019073486,100.00 ,0.00 ,462.00 ,1.00 
245,4431.00 ,575.00 ,858.00 ,826.00 ,32.00 ,NA,5.00 ,0.00 ,21.00 ,20.00 ,29.00 ,0.00 ,6.00 ,24.00 ,38.00 ,31.00 ,3.94000005722046,100.00 ,2.00 ,672.00 ,1.00 
246,4427.00 ,575.00 ,802.00 ,784.00 ,18.00 ,NA,11.00 ,0.00 ,11.00 ,18.00 ,32.00 ,8.00 ,9.00 ,35.00 ,29.00 ,20.00 ,3.4300000667572,100.00 ,0.00 ,541.00 ,1.00 
247,4443.00 ,575.00 ,875.00 ,848.00 ,27.00 ,NA,9.00 ,0.00 ,9.00 ,19.00 ,29.00 ,0.00 ,2.00 ,16.00 ,43.00 ,38.00 ,4.17000007629395,100.00 ,0.00 ,606.00 ,1.00 
248,3698.00 ,600.00 ,720.00 ,643.00 ,77.00 ,55.00 ,9.00 ,0.00 ,19.00 ,18.00 ,26.00 ,10.00 ,68.00 ,18.00 ,5.00 ,0.00 ,2.17000007629395,100.00 ,4.00 ,332.00 ,2.00 
249,3696.00 ,600.00 ,483.00 ,450.00 ,33.00 ,89.00 ,43.00 ,0.00 ,38.00 ,19.00 ,27.00 ,46.00 ,44.00 ,8.00 ,3.00 ,0.00 ,1.69000005722046,100.00 ,0.00 ,334.00 ,3.00 
250,3715.00 ,600.00 ,696.00 ,636.00 ,60.00 ,50.00 ,11.00 ,0.00 ,23.00 ,19.00 ,30.00 ,6.00 ,64.00 ,23.00 ,6.00 ,0.00 ,2.3199999332428,100.00 ,0.00 ,495.00 ,2.00 
251,3697.00 ,600.00 ,690.00 ,653.00 ,37.00 ,65.00 ,5.00 ,0.00 ,26.00 ,21.00 ,25.00 ,2.00 ,90.00 ,7.00 ,1.00 ,0.00 ,2.0699999332428,100.00 ,0.00 ,319.00 ,2.00 
252,3700.00 ,600.00 ,717.00 ,665.00 ,52.00 ,77.00 ,11.00 ,0.00 ,29.00 ,19.00 ,27.00 ,28.00 ,42.00 ,24.00 ,6.00 ,0.00 ,2.07999992370605,100.00 ,0.00 ,351.00 ,2.00 
253,3701.00 ,600.00 ,687.00 ,617.00 ,70.00 ,62.00 ,18.00 ,0.00 ,19.00 ,21.00 ,26.00 ,5.00 ,65.00 ,25.00 ,4.00 ,1.00 ,2.29999995231628,100.00 ,0.00 ,318.00 ,2.00 
254,3518.00 ,605.00 ,623.00 ,564.00 ,59.00 ,60.00 ,23.00 ,0.00 ,16.00 ,19.00 ,27.00 ,25.00 ,31.00 ,28.00 ,14.00 ,3.00 ,2.40000009536743,94.00 ,16.00 ,384.00 ,2.00 
255,3511.00 ,605.00 ,688.00 ,662.00 ,26.00 ,40.00 ,10.00 ,0.00 ,23.00 ,20.00 ,28.00 ,15.00 ,18.00 ,38.00 ,17.00 ,13.00 ,2.96000003814697,92.00 ,11.00 ,554.00 ,1.00 
256,3520.00 ,605.00 ,643.00 ,575.00 ,68.00 ,63.00 ,29.00 ,1.00 ,19.00 ,19.00 ,27.00 ,24.00 ,20.00 ,28.00 ,10.00 ,17.00 ,2.75999999046326,87.00 ,23.00 ,573.00 ,2.00 
257,3516.00 ,605.00 ,574.00 ,519.00 ,55.00 ,65.00 ,21.00 ,0.00 ,24.00 ,20.00 ,29.00 ,24.00 ,26.00 ,36.00 ,10.00 ,4.00 ,2.44000005722046,84.00 ,16.00 ,243.00 ,2.00 
258,3525.00 ,605.00 ,632.00 ,568.00 ,64.00 ,51.00 ,18.00 ,1.00 ,19.00 ,19.00 ,31.00 ,21.00 ,27.00 ,33.00 ,12.00 ,7.00 ,2.5699999332428,91.00 ,15.00 ,555.00 ,2.00 
259,3537.00 ,605.00 ,694.00 ,678.00 ,16.00 ,12.00 ,4.00 ,1.00 ,15.00 ,19.00 ,29.00 ,3.00 ,12.00 ,41.00 ,27.00 ,17.00 ,3.41000008583069,89.00 ,16.00 ,617.00 ,1.00 
260,3519.00 ,605.00 ,532.00 ,525.00 ,7.00 ,62.00 ,36.00 ,0.00 ,19.00 ,19.00 ,34.00 ,39.00 ,29.00 ,22.00 ,6.00 ,3.00 ,2.05999994277954,87.00 ,23.00 ,541.00 ,2.00 
261,3523.00 ,605.00 ,657.00 ,618.00 ,39.00 ,48.00 ,14.00 ,0.00 ,23.00 ,20.00 ,32.00 ,14.00 ,33.00 ,42.00 ,7.00 ,4.00 ,2.53999996185303,89.00 ,17.00 ,515.00 ,2.00 
262,3535.00 ,605.00 ,705.00 ,673.00 ,32.00 ,20.00 ,6.00 ,0.00 ,15.00 ,19.00 ,30.00 ,7.00 ,19.00 ,38.00 ,18.00 ,19.00 ,3.24000000953674,96.00 ,11.00 ,490.00 ,1.00 
263,3765.00 ,620.00 ,758.00 ,701.00 ,57.00 ,45.00 ,10.00 ,0.00 ,21.00 ,22.00 ,34.00 ,0.00 ,46.00 ,25.00 ,23.00 ,5.00 ,2.86999988555908,94.00 ,12.00 ,207.00 ,1.00 
264,3736.00 ,620.00 ,556.00 ,542.00 ,14.00 ,61.00 ,46.00 ,0.00 ,39.00 ,22.00 ,25.00 ,22.00 ,26.00 ,30.00 ,20.00 ,3.00 ,2.5699999332428,96.00 ,15.00 ,657.00 ,2.00 
265,3785.00 ,620.00 ,459.00 ,439.00 ,20.00 ,98.00 ,52.00 ,0.00 ,36.00 ,19.00 ,27.00 ,31.00 ,29.00 ,22.00 ,17.00 ,1.00 ,2.27999997138977,100.00 ,17.00 ,645.00 ,3.00 
266,3741.00 ,620.00 ,573.00 ,516.00 ,57.00 ,100.00 ,51.00 ,0.00 ,31.00 ,20.00 ,32.00 ,37.00 ,31.00 ,15.00 ,16.00 ,2.00 ,2.14000010490417,100.00 ,6.00 ,434.00 ,3.00 
267,3757.00 ,620.00 ,707.00 ,667.00 ,40.00 ,57.00 ,11.00 ,0.00 ,22.00 ,21.00 ,31.00 ,4.00 ,15.00 ,46.00 ,23.00 ,12.00 ,3.23000001907349,100.00 ,11.00 ,309.00 ,2.00 
268,3751.00 ,620.00 ,592.00 ,533.00 ,59.00 ,100.00 ,22.00 ,0.00 ,35.00 ,20.00 ,30.00 ,0.00 ,85.00 ,11.00 ,2.00 ,2.00 ,2.22000002861023,100.00 ,13.00 ,222.00 ,3.00 
269,3791.00 ,620.00 ,724.00 ,674.00 ,50.00 ,49.00 ,20.00 ,0.00 ,24.00 ,19.00 ,35.00 ,0.00 ,22.00 ,33.00 ,36.00 ,9.00 ,3.32999992370605,100.00 ,11.00 ,401.00 ,2.00 
270,3772.00 ,620.00 ,829.00 ,824.00 ,5.00 ,NA,7.00 ,0.00 ,14.00 ,19.00 ,33.00 ,10.00 ,26.00 ,21.00 ,30.00 ,13.00 ,3.08999991416931,100.00 ,0.00 ,329.00 ,1.00 
271,3758.00 ,620.00 ,690.00 ,642.00 ,48.00 ,98.00 ,51.00 ,0.00 ,10.00 ,20.00 ,28.00 ,28.00 ,25.00 ,28.00 ,15.00 ,4.00 ,2.40000009536743,100.00 ,5.00 ,230.00 ,3.00 
272,3794.00 ,620.00 ,610.00 ,540.00 ,70.00 ,100.00 ,47.00 ,0.00 ,31.00 ,20.00 ,23.00 ,75.00 ,15.00 ,0.00 ,0.00 ,10.00 ,1.54999995231628,100.00 ,18.00 ,170.00 ,3.00 
273,3793.00 ,620.00 ,528.00 ,460.00 ,68.00 ,99.00 ,35.00 ,0.00 ,27.00 ,18.00 ,33.00 ,19.00 ,41.00 ,30.00 ,8.00 ,3.00 ,2.35999989509583,96.00 ,4.00 ,358.00 ,3.00 
274,3759.00 ,620.00 ,585.00 ,556.00 ,29.00 ,54.00 ,11.00 ,0.00 ,27.00 ,25.00 ,37.00 ,8.00 ,31.00 ,22.00 ,29.00 ,10.00 ,3.01999998092651,100.00 ,8.00 ,133.00 ,2.00 
275,3784.00 ,620.00 ,859.00 ,801.00 ,58.00 ,NA,1.00 ,0.00 ,9.00 ,21.00 ,33.00 ,0.00 ,7.00 ,17.00 ,35.00 ,42.00 ,4.11999988555908,100.00 ,0.00 ,406.00 ,1.00 
276,3754.00 ,620.00 ,732.00 ,672.00 ,60.00 ,63.00 ,8.00 ,0.00 ,37.00 ,19.00 ,30.00 ,16.00 ,36.00 ,24.00 ,22.00 ,2.00 ,2.58999991416931,100.00 ,9.00 ,292.00 ,2.00 
277,3196.00 ,621.00 ,799.00 ,762.00 ,37.00 ,NA,8.00 ,0.00 ,12.00 ,19.00 ,32.00 ,15.00 ,43.00 ,21.00 ,16.00 ,5.00 ,2.53999996185303,98.00 ,3.00 ,560.00 ,1.00 
278,3203.00 ,621.00 ,845.00 ,799.00 ,46.00 ,NA,4.00 ,0.00 ,12.00 ,19.00 ,30.00 ,6.00 ,25.00 ,27.00 ,35.00 ,9.00 ,3.16000008583069,97.00 ,6.00 ,410.00 ,1.00 
279,3200.00 ,621.00 ,854.00 ,854.00 ,0.00 ,NA,1.00 ,0.00 ,13.00 ,19.00 ,32.00 ,4.00 ,31.00 ,25.00 ,36.00 ,4.00 ,3.03999996185303,97.00 ,0.00 ,586.00 ,1.00 
280,3184.00 ,621.00 ,790.00 ,758.00 ,32.00 ,NA,15.00 ,0.00 ,17.00 ,19.00 ,32.00 ,16.00 ,27.00 ,23.00 ,29.00 ,6.00 ,2.8199999332428,95.00 ,7.00 ,539.00 ,1.00 
281,3202.00 ,621.00 ,839.00 ,810.00 ,29.00 ,NA,3.00 ,0.00 ,17.00 ,17.00 ,30.00 ,8.00 ,20.00 ,24.00 ,39.00 ,9.00 ,3.23000001907349,100.00 ,8.00 ,203.00 ,1.00 
282,3187.00 ,621.00 ,689.00 ,682.00 ,7.00 ,51.00 ,36.00 ,0.00 ,13.00 ,19.00 ,32.00 ,31.00 ,25.00 ,16.00 ,23.00 ,5.00 ,2.47000002861023,90.00 ,10.00 ,519.00 ,2.00 
283,3193.00 ,621.00 ,841.00 ,840.00 ,1.00 ,NA,5.00 ,0.00 ,17.00 ,19.00 ,31.00 ,3.00 ,23.00 ,24.00 ,35.00 ,16.00 ,3.39000010490417,97.00 ,3.00 ,510.00 ,1.00 
284,4132.00 ,627.00 ,493.00 ,471.00 ,22.00 ,94.00 ,41.00 ,1.00 ,33.00 ,20.00 ,32.00 ,53.00 ,27.00 ,15.00 ,4.00 ,1.00 ,1.71000003814697,73.00 ,29.00 ,590.00 ,3.00 
285,4128.00 ,627.00 ,643.00 ,622.00 ,21.00 ,82.00 ,24.00 ,1.00 ,19.00 ,20.00 ,27.00 ,30.00 ,35.00 ,22.00 ,9.00 ,4.00 ,2.23000001907349,85.00 ,18.00 ,522.00 ,3.00 
286,4131.00 ,627.00 ,698.00 ,686.00 ,12.00 ,62.00 ,29.00 ,1.00 ,15.00 ,20.00 ,32.00 ,19.00 ,33.00 ,22.00 ,19.00 ,7.00 ,2.61999988555908,98.00 ,0.00 ,583.00 ,2.00 
287,4173.00 ,627.00 ,486.00 ,476.00 ,10.00 ,95.00 ,40.00 ,1.00 ,24.00 ,20.00 ,34.00 ,55.00 ,31.00 ,12.00 ,2.00 ,0.00 ,1.61000001430511,87.00 ,15.00 ,645.00 ,3.00 
288,4167.00 ,627.00 ,612.00 ,551.00 ,61.00 ,75.00 ,26.00 ,0.00 ,16.00 ,20.00 ,32.00 ,28.00 ,24.00 ,34.00 ,11.00 ,3.00 ,2.38000011444092,100.00 ,5.00 ,277.00 ,2.00 
289,4140.00 ,627.00 ,630.00 ,550.00 ,80.00 ,67.00 ,21.00 ,1.00 ,21.00 ,20.00 ,32.00 ,25.00 ,28.00 ,30.00 ,12.00 ,4.00 ,2.42000007629395,85.00 ,13.00 ,607.00 ,2.00 
290,4145.00 ,627.00 ,525.00 ,519.00 ,6.00 ,78.00 ,18.00 ,1.00 ,25.00 ,20.00 ,31.00 ,23.00 ,32.00 ,30.00 ,10.00 ,4.00 ,2.40000009536743,86.00 ,14.00 ,439.00 ,2.00 
291,4143.00 ,627.00 ,485.00 ,448.00 ,37.00 ,94.00 ,40.00 ,1.00 ,37.00 ,19.00 ,32.00 ,60.00 ,23.00 ,14.00 ,3.00 ,1.00 ,1.61000001430511,76.00 ,18.00 ,583.00 ,3.00 
292,4136.00 ,627.00 ,474.00 ,437.00 ,37.00 ,92.00 ,34.00 ,1.00 ,28.00 ,20.00 ,31.00 ,48.00 ,31.00 ,17.00 ,3.00 ,0.00 ,1.76999998092651,81.00 ,19.00 ,470.00 ,3.00 
293,4488.00 ,630.00 ,521.00 ,568.00 ,(47.00),97.00 ,77.00 ,0.00 ,14.00 ,19.00 ,NA,61.00 ,18.00 ,15.00 ,4.00 ,1.00 ,1.67999994754791,79.00 ,4.00 ,210.00 ,3.00 
294,4576.00 ,630.00 ,801.00 ,762.00 ,39.00 ,NA,18.00 ,0.00 ,14.00 ,20.00 ,30.00 ,7.00 ,22.00 ,29.00 ,33.00 ,9.00 ,3.15000009536743,98.00 ,0.00 ,548.00 ,1.00 
295,4506.00 ,630.00 ,709.00 ,619.00 ,90.00 ,59.00 ,17.00 ,0.00 ,20.00 ,16.00 ,33.00 ,10.00 ,25.00 ,36.00 ,20.00 ,9.00 ,2.94000005722046,100.00 ,0.00 ,135.00 ,2.00 
296,4554.00 ,630.00 ,836.00 ,785.00 ,51.00 ,NA,27.00 ,0.00 ,17.00 ,19.00 ,32.00 ,19.00 ,13.00 ,8.00 ,26.00 ,33.00 ,3.41000008583069,100.00 ,0.00 ,231.00 ,1.00 
297,4518.00 ,630.00 ,769.00 ,723.00 ,46.00 ,47.00 ,6.00 ,0.00 ,13.00 ,19.00 ,25.00 ,7.00 ,18.00 ,36.00 ,20.00 ,19.00 ,3.25 ,96.00 ,4.00 ,295.00 ,2.00 
298,4486.00 ,630.00 ,706.00 ,701.00 ,5.00 ,62.00 ,15.00 ,0.00 ,13.00 ,21.00 ,28.00 ,12.00 ,27.00 ,27.00 ,29.00 ,6.00 ,2.90000009536743,100.00 ,2.00 ,645.00 ,2.00 
299,4537.00 ,630.00 ,655.00 ,614.00 ,41.00 ,78.00 ,27.00 ,0.00 ,16.00 ,19.00 ,32.00 ,21.00 ,26.00 ,32.00 ,16.00 ,7.00 ,2.61999988555908,100.00 ,0.00 ,438.00 ,2.00 
300,4585.00 ,630.00 ,845.00 ,843.00 ,2.00 ,NA,24.00 ,0.00 ,25.00 ,19.00 ,31.00 ,3.00 ,5.00 ,11.00 ,27.00 ,54.00 ,4.23999977111816,100.00 ,0.00 ,469.00 ,1.00 
301,4573.00 ,630.00 ,789.00 ,747.00 ,42.00 ,NA,27.00 ,0.00 ,16.00 ,20.00 ,30.00 ,12.00 ,26.00 ,25.00 ,32.00 ,5.00 ,2.92000007629395,100.00 ,2.00 ,575.00 ,1.00 
302,4534.00 ,630.00 ,445.00 ,421.00 ,24.00 ,100.00 ,70.00 ,0.00 ,NA,NA,29.00 ,44.00 ,25.00 ,15.00 ,13.00 ,3.00 ,2.0699999332428,90.00 ,0.00 ,512.00 ,3.00 
303,4581.00 ,630.00 ,708.00 ,691.00 ,17.00 ,74.00 ,2.00 ,0.00 ,24.00 ,19.00 ,30.00 ,1.00 ,55.00 ,31.00 ,10.00 ,4.00 ,2.60999989509583,98.00 ,2.00 ,603.00 ,2.00 
304,4507.00 ,630.00 ,751.00 ,679.00 ,72.00 ,71.00 ,19.00 ,0.00 ,20.00 ,17.00 ,20.00 ,10.00 ,16.00 ,41.00 ,16.00 ,18.00 ,3.16000008583069,100.00 ,0.00 ,130.00 ,2.00 
305,4522.00 ,630.00 ,461.00 ,441.00 ,20.00 ,100.00 ,74.00 ,0.00 ,22.00 ,19.00 ,31.00 ,55.00 ,31.00 ,10.00 ,3.00 ,1.00 ,1.64999997615814,85.00 ,3.00 ,726.00 ,3.00 
306,4530.00 ,630.00 ,757.00 ,723.00 ,34.00 ,58.00 ,14.00 ,0.00 ,16.00 ,18.00 ,30.00 ,6.00 ,17.00 ,36.00 ,30.00 ,10.00 ,3.21000003814697,98.00 ,4.00 ,525.00 ,2.00 
307,4583.00 ,630.00 ,865.00 ,837.00 ,28.00 ,NA,8.00 ,0.00 ,17.00 ,19.00 ,30.00 ,4.00 ,17.00 ,27.00 ,29.00 ,23.00 ,3.50999999046326,100.00 ,0.00 ,344.00 ,1.00 
308,4485.00 ,630.00 ,567.00 ,524.00 ,43.00 ,81.00 ,45.00 ,0.00 ,26.00 ,18.00 ,25.00 ,45.00 ,31.00 ,18.00 ,5.00 ,1.00 ,1.87999999523163,97.00 ,3.00 ,400.00 ,3.00 
309,4558.00 ,630.00 ,748.00 ,684.00 ,64.00 ,62.00 ,21.00 ,0.00 ,11.00 ,18.00 ,29.00 ,11.00 ,20.00 ,39.00 ,21.00 ,9.00 ,2.98000001907349,95.00 ,5.00 ,253.00 ,2.00 
310,4480.00 ,630.00 ,612.00 ,528.00 ,84.00 ,79.00 ,34.00 ,0.00 ,15.00 ,20.00 ,31.00 ,26.00 ,31.00 ,25.00 ,14.00 ,4.00 ,2.38000011444092,82.00 ,7.00 ,354.00 ,2.00 
311,4533.00 ,630.00 ,500.00 ,463.00 ,37.00 ,95.00 ,69.00 ,0.00 ,24.00 ,19.00 ,26.00 ,45.00 ,29.00 ,12.00 ,8.00 ,5.00 ,1.99000000953674,97.00 ,0.00 ,350.00 ,3.00 
312,4574.00 ,630.00 ,740.00 ,672.00 ,68.00 ,54.00 ,18.00 ,0.00 ,14.00 ,20.00 ,33.00 ,10.00 ,21.00 ,33.00 ,28.00 ,9.00 ,3.04999995231628,100.00 ,0.00 ,612.00 ,2.00 
313,4580.00 ,630.00 ,740.00 ,712.00 ,28.00 ,66.00 ,2.00 ,0.00 ,19.00 ,19.00 ,29.00 ,2.00 ,27.00 ,44.00 ,23.00 ,4.00 ,3.00 ,100.00 ,0.00 ,543.00 ,2.00 
314,4596.00 ,630.00 ,883.00 ,864.00 ,19.00 ,NA,3.00 ,0.00 ,9.00 ,20.00 ,30.00 ,1.00 ,10.00 ,9.00 ,52.00 ,28.00 ,3.98000001907349,97.00 ,3.00 ,556.00 ,1.00 
315,4514.00 ,630.00 ,799.00 ,789.00 ,10.00 ,NA,10.00 ,0.00 ,14.00 ,19.00 ,30.00 ,5.00 ,18.00 ,29.00 ,26.00 ,21.00 ,3.40000009536743,100.00 ,0.00 ,378.00 ,1.00 
316,4519.00 ,630.00 ,887.00 ,852.00 ,35.00 ,NA,8.00 ,0.00 ,10.00 ,19.00 ,27.00 ,3.00 ,14.00 ,19.00 ,33.00 ,31.00 ,3.74000000953674,100.00 ,0.00 ,256.00 ,1.00 
317,4502.00 ,630.00 ,493.00 ,489.00 ,4.00 ,91.00 ,71.00 ,0.00 ,27.00 ,19.00 ,30.00 ,70.00 ,19.00 ,8.00 ,3.00 ,1.00 ,1.46000003814697,87.00 ,7.00 ,410.00 ,3.00 
318,4516.00 ,630.00 ,586.00 ,529.00 ,57.00 ,93.00 ,59.00 ,0.00 ,21.00 ,20.00 ,32.00 ,53.00 ,35.00 ,8.00 ,4.00 ,0.00 ,1.64999997615814,90.00 ,3.00 ,763.00 ,3.00 
319,4511.00 ,630.00 ,626.00 ,626.00 ,0.00 ,79.00 ,36.00 ,0.00 ,11.00 ,19.00 ,33.00 ,24.00 ,29.00 ,28.00 ,14.00 ,6.00 ,2.49000000953674,92.00 ,8.00 ,159.00 ,2.00 
320,4487.00 ,630.00 ,528.00 ,476.00 ,52.00 ,91.00 ,68.00 ,1.00 ,10.00 ,18.00 ,27.00 ,47.00 ,28.00 ,14.00 ,8.00 ,4.00 ,1.94000005722046,81.00 ,4.00 ,459.00 ,3.00 
321,4528.00 ,630.00 ,741.00 ,700.00 ,41.00 ,44.00 ,18.00 ,0.00 ,17.00 ,20.00 ,33.00 ,5.00 ,21.00 ,41.00 ,22.00 ,11.00 ,3.13000011444092,100.00 ,2.00 ,353.00 ,1.00 
322,4539.00 ,630.00 ,620.00 ,621.00 ,(1.00),71.00 ,23.00 ,0.00 ,14.00 ,20.00 ,31.00 ,12.00 ,33.00 ,24.00 ,22.00 ,9.00 ,2.83999991416931,41.00 ,59.00 ,216.00 ,2.00 
323,4547.00 ,630.00 ,803.00 ,751.00 ,52.00 ,NA,18.00 ,0.00 ,17.00 ,18.00 ,29.00 ,9.00 ,22.00 ,36.00 ,24.00 ,8.00 ,3.00 ,100.00 ,0.00 ,266.00 ,2.00 
324,4731.00 ,632.00 ,655.00 ,635.00 ,20.00 ,56.00 ,28.00 ,0.00 ,13.00 ,18.00 ,32.00 ,9.00 ,26.00 ,34.00 ,20.00 ,12.00 ,3.01999998092651,82.00 ,14.00 ,267.00 ,2.00 
325,4720.00 ,632.00 ,597.00 ,576.00 ,21.00 ,71.00 ,37.00 ,0.00 ,8.00 ,17.00 ,30.00 ,19.00 ,53.00 ,17.00 ,11.00 ,1.00 ,2.21000003814697,81.00 ,0.00 ,197.00 ,2.00 
326,4783.00 ,632.00 ,789.00 ,730.00 ,59.00 ,NA,11.00 ,0.00 ,4.00 ,19.00 ,25.00 ,2.00 ,7.00 ,17.00 ,37.00 ,37.00 ,3.99000000953674,76.00 ,10.00 ,237.00 ,1.00 
327,4737.00 ,632.00 ,808.00 ,812.00 ,(4.00),NA,26.00 ,0.00 ,7.00 ,21.00 ,32.00 ,8.00 ,33.00 ,23.00 ,32.00 ,4.00 ,2.9300000667572,81.00 ,11.00 ,329.00 ,2.00 
328,4736.00 ,632.00 ,532.00 ,450.00 ,82.00 ,83.00 ,39.00 ,0.00 ,10.00 ,18.00 ,28.00 ,22.00 ,39.00 ,24.00 ,15.00 ,0.00 ,2.32999992370605,69.00 ,21.00 ,335.00 ,3.00 
329,4714.00 ,632.00 ,503.00 ,504.00 ,(1.00),68.00 ,29.00 ,0.00 ,10.00 ,18.00 ,21.00 ,31.00 ,38.00 ,17.00 ,13.00 ,1.00 ,2.14000010490417,83.00 ,13.00 ,206.00 ,2.00 
330,4781.00 ,632.00 ,655.00 ,638.00 ,17.00 ,53.00 ,12.00 ,0.00 ,7.00 ,20.00 ,23.00 ,9.00 ,74.00 ,11.00 ,4.00 ,1.00 ,2.14000010490417,94.00 ,0.00 ,187.00 ,2.00 
331,4698.00 ,632.00 ,781.00 ,750.00 ,31.00 ,NA,26.00 ,0.00 ,9.00 ,20.00 ,29.00 ,7.00 ,14.00 ,17.00 ,38.00 ,24.00 ,3.59999990463257,95.00 ,5.00 ,280.00 ,1.00 
332,4775.00 ,632.00 ,808.00 ,806.00 ,2.00 ,NA,5.00 ,0.00 ,3.00 ,19.00 ,29.00 ,1.00 ,7.00 ,12.00 ,35.00 ,45.00 ,4.15000009536743,87.00 ,10.00 ,448.00 ,1.00 
333,4747.00 ,632.00 ,643.00 ,661.00 ,(18.00),72.00 ,13.00 ,0.00 ,12.00 ,19.00 ,27.00 ,9.00 ,36.00 ,35.00 ,16.00 ,4.00 ,2.6800000667572,94.00 ,6.00 ,229.00 ,2.00 
334,4744.00 ,632.00 ,700.00 ,666.00 ,34.00 ,78.00 ,44.00 ,0.00 ,5.00 ,20.00 ,25.00 ,31.00 ,38.00 ,15.00 ,13.00 ,3.00 ,2.17000007629395,78.00 ,6.00 ,215.00 ,2.00 
335,4729.00 ,632.00 ,558.00 ,496.00 ,62.00 ,82.00 ,41.00 ,0.00 ,8.00 ,19.00 ,20.00 ,47.00 ,37.00 ,7.00 ,6.00 ,3.00 ,1.79999995231628,90.00 ,0.00 ,189.00 ,3.00 
336,4780.00 ,632.00 ,795.00 ,781.00 ,14.00 ,NA,6.00 ,0.00 ,5.00 ,19.00 ,30.00 ,0.00 ,6.00 ,14.00 ,43.00 ,36.00 ,4.07999992370605,77.00 ,17.00 ,404.00 ,1.00 
337,4774.00 ,632.00 ,682.00 ,641.00 ,41.00 ,35.00 ,22.00 ,0.00 ,2.00 ,19.00 ,27.00 ,4.00 ,9.00 ,14.00 ,45.00 ,28.00 ,3.83999991416931,80.00 ,0.00 ,222.00 ,1.00 
338,4777.00 ,632.00 ,682.00 ,675.00 ,7.00 ,75.00 ,6.00 ,0.00 ,10.00 ,19.00 ,25.00 ,0.00 ,36.00 ,29.00 ,29.00 ,7.00 ,3.0699999332428,63.00 ,26.00 ,240.00 ,2.00 
339,5387.00 ,635.00 ,892.00 ,861.00 ,31.00 ,NA,3.00 ,0.00 ,13.00 ,19.00 ,31.00 ,0.00 ,3.00 ,10.00 ,46.00 ,40.00 ,4.23000001907349,78.00 ,5.00 ,602.00 ,1.00 
340,5386.00 ,635.00 ,876.00 ,796.00 ,80.00 ,NA,3.00 ,0.00 ,14.00 ,19.00 ,33.00 ,2.00 ,5.00 ,13.00 ,54.00 ,27.00 ,3.99000000953674,96.00 ,0.00 ,387.00 ,1.00 
341,5370.00 ,635.00 ,790.00 ,753.00 ,37.00 ,NA,10.00 ,0.00 ,17.00 ,18.00 ,28.00 ,5.00 ,17.00 ,28.00 ,38.00 ,11.00 ,3.32999992370605,96.00 ,4.00 ,350.00 ,1.00 
342,5366.00 ,635.00 ,558.00 ,508.00 ,50.00 ,57.00 ,47.00 ,0.00 ,22.00 ,17.00 ,30.00 ,41.00 ,30.00 ,18.00 ,9.00 ,2.00 ,2.01999998092651,100.00 ,0.00 ,327.00 ,2.00 
343,5358.00 ,635.00 ,575.00 ,578.00 ,(3.00),56.00 ,50.00 ,0.00 ,19.00 ,18.00 ,30.00 ,32.00 ,24.00 ,24.00 ,14.00 ,5.00 ,2.36999988555908,92.00 ,0.00 ,257.00 ,2.00 
344,5388.00 ,635.00 ,686.00 ,658.00 ,28.00 ,28.00 ,23.00 ,0.00 ,13.00 ,18.00 ,31.00 ,6.00 ,15.00 ,33.00 ,27.00 ,18.00 ,3.35999989509583,95.00 ,5.00 ,281.00 ,1.00 
345,5371.00 ,635.00 ,710.00 ,684.00 ,26.00 ,37.00 ,23.00 ,0.00 ,18.00 ,20.00 ,27.00 ,16.00 ,18.00 ,28.00 ,17.00 ,21.00 ,3.08999991416931,71.00 ,8.00 ,344.00 ,1.00 
346,5362.00 ,635.00 ,487.00 ,454.00 ,33.00 ,62.00 ,47.00 ,0.00 ,21.00 ,18.00 ,27.00 ,28.00 ,44.00 ,14.00 ,13.00 ,1.00 ,2.14000010490417,86.00 ,9.00 ,310.00 ,2.00 
347,3867.00 ,636.00 ,762.00 ,739.00 ,23.00 ,23.00 ,1.00 ,0.00 ,8.00 ,20.00 ,42.00 ,1.00 ,17.00 ,38.00 ,36.00 ,8.00 ,3.3199999332428,100.00 ,0.00 ,337.00 ,1.00 
348,3848.00 ,636.00 ,801.00 ,794.00 ,7.00 ,NA,1.00 ,0.00 ,19.00 ,20.00 ,45.00 ,1.00 ,24.00 ,33.00 ,30.00 ,11.00 ,3.25999999046326,95.00 ,5.00 ,317.00 ,1.00 
349,3834.00 ,636.00 ,640.00 ,622.00 ,18.00 ,69.00 ,42.00 ,0.00 ,22.00 ,19.00 ,43.00 ,8.00 ,30.00 ,34.00 ,24.00 ,4.00 ,2.86999988555908,95.00 ,5.00 ,297.00 ,2.00 
350,3833.00 ,636.00 ,601.00 ,499.00 ,102.00 ,100.00 ,24.00 ,0.00 ,31.00 ,20.00 ,33.00 ,30.00 ,31.00 ,25.00 ,13.00 ,1.00 ,2.25999999046326,85.00 ,10.00 ,269.00 ,3.00 
351,3828.00 ,636.00 ,624.00 ,596.00 ,28.00 ,78.00 ,12.00 ,0.00 ,36.00 ,20.00 ,44.00 ,16.00 ,28.00 ,39.00 ,12.00 ,4.00 ,2.59999990463257,86.00 ,10.00 ,290.00 ,2.00 
352,3839.00 ,636.00 ,863.00 ,848.00 ,15.00 ,NA,1.00 ,0.00 ,18.00 ,20.00 ,46.00 ,0.00 ,9.00 ,24.00 ,39.00 ,28.00 ,3.84999990463257,100.00 ,0.00 ,355.00 ,1.00 
353,3843.00 ,636.00 ,709.00 ,690.00 ,19.00 ,52.00 ,3.00 ,0.00 ,24.00 ,20.00 ,31.00 ,7.00 ,34.00 ,37.00 ,18.00 ,4.00 ,2.76999998092651,100.00 ,0.00 ,339.00 ,2.00 
354,3854.00 ,636.00 ,883.00 ,851.00 ,32.00 ,NA,1.00 ,0.00 ,24.00 ,21.00 ,40.00 ,1.00 ,14.00 ,28.00 ,35.00 ,22.00 ,3.64000010490417,96.00 ,4.00 ,394.00 ,1.00 
355,3845.00 ,636.00 ,763.00 ,748.00 ,15.00 ,40.00 ,2.00 ,0.00 ,24.00 ,17.00 ,41.00 ,11.00 ,24.00 ,33.00 ,22.00 ,11.00 ,2.98000001907349,80.00 ,15.00 ,300.00 ,1.00 
356,3850.00 ,636.00 ,727.00 ,655.00 ,72.00 ,40.00 ,1.00 ,0.00 ,29.00 ,18.00 ,39.00 ,10.00 ,35.00 ,25.00 ,23.00 ,8.00 ,2.84999990463257,100.00 ,0.00 ,146.00 ,1.00 
357,3864.00 ,636.00 ,568.00 ,527.00 ,41.00 ,78.00 ,30.00 ,0.00 ,36.00 ,20.00 ,49.00 ,17.00 ,38.00 ,35.00 ,9.00 ,2.00 ,2.40000009536743,75.00 ,10.00 ,321.00 ,2.00 
358,3853.00 ,636.00 ,743.00 ,726.00 ,17.00 ,48.00 ,2.00 ,0.00 ,27.00 ,20.00 ,42.00 ,6.00 ,28.00 ,38.00 ,21.00 ,7.00 ,2.95000004768372,92.00 ,8.00 ,367.00 ,2.00 
359,3869.00 ,636.00 ,724.00 ,686.00 ,38.00 ,48.00 ,25.00 ,0.00 ,19.00 ,20.00 ,42.00 ,10.00 ,26.00 ,33.00 ,27.00 ,4.00 ,2.90000009536743,90.00 ,7.00 ,457.00 ,2.00 
360,3826.00 ,636.00 ,831.00 ,842.00 ,(11.00),NA,2.00 ,0.00 ,9.00 ,20.00 ,46.00 ,1.00 ,6.00 ,27.00 ,48.00 ,18.00 ,3.75 ,88.00 ,8.00 ,318.00 ,1.00 
361,3824.00 ,636.00 ,876.00 ,850.00 ,26.00 ,NA,1.00 ,0.00 ,21.00 ,23.00 ,34.00 ,3.00 ,11.00 ,28.00 ,29.00 ,30.00 ,3.71000003814697,95.00 ,0.00 ,399.00 ,1.00 
362,3835.00 ,636.00 ,556.00 ,537.00 ,19.00 ,100.00 ,28.00 ,0.00 ,32.00 ,20.00 ,50.00 ,33.00 ,26.00 ,25.00 ,13.00 ,3.00 ,2.26999998092651,79.00 ,15.00 ,410.00 ,3.00 
363,3865.00 ,636.00 ,847.00 ,837.00 ,10.00 ,NA,0.00 ,0.00 ,8.00 ,20.00 ,35.00 ,1.00 ,15.00 ,25.00 ,38.00 ,21.00 ,3.61999988555908,95.00 ,5.00 ,312.00 ,1.00 
364,3822.00 ,636.00 ,622.00 ,588.00 ,34.00 ,76.00 ,6.00 ,0.00 ,38.00 ,20.00 ,35.00 ,7.00 ,59.00 ,29.00 ,6.00 ,0.00 ,2.33999991416931,95.00 ,5.00 ,222.00 ,2.00 
365,3129.00 ,653.00 ,531.00 ,502.00 ,29.00 ,82.00 ,74.00 ,1.00 ,13.00 ,22.00 ,28.00 ,43.00 ,37.00 ,16.00 ,3.00 ,1.00 ,1.79999995231628,83.00 ,17.00 ,602.00 ,3.00 
366,3128.00 ,653.00 ,521.00 ,502.00 ,19.00 ,90.00 ,74.00 ,1.00 ,12.00 ,21.00 ,28.00 ,54.00 ,28.00 ,14.00 ,3.00 ,1.00 ,1.70000004768372,75.00 ,24.00 ,779.00 ,3.00 
367,3127.00 ,653.00 ,473.00 ,437.00 ,36.00 ,95.00 ,86.00 ,1.00 ,15.00 ,21.00 ,30.00 ,83.00 ,8.00 ,8.00 ,0.00 ,0.00 ,1.25 ,71.00 ,29.00 ,590.00 ,3.00 
368,3121.00 ,653.00 ,529.00 ,502.00 ,27.00 ,88.00 ,75.00 ,1.00 ,13.00 ,19.00 ,29.00 ,46.00 ,33.00 ,15.00 ,4.00 ,3.00 ,1.86000001430511,83.00 ,17.00 ,611.00 ,3.00 
369,3145.00 ,653.00 ,806.00 ,815.00 ,(9.00),NA,14.00 ,0.00 ,20.00 ,21.00 ,30.00 ,10.00 ,24.00 ,43.00 ,14.00 ,9.00 ,2.88000011444092,91.00 ,9.00 ,695.00 ,1.00 
370,3133.00 ,653.00 ,744.00 ,677.00 ,67.00 ,58.00 ,35.00 ,0.00 ,13.00 ,20.00 ,31.00 ,22.00 ,26.00 ,32.00 ,10.00 ,10.00 ,2.59999990463257,88.00 ,12.00 ,688.00 ,2.00 
371,3151.00 ,653.00 ,444.00 ,413.00 ,31.00 ,91.00 ,88.00 ,1.00 ,14.00 ,21.00 ,27.00 ,58.00 ,30.00 ,10.00 ,1.00 ,0.00 ,1.55999994277954,70.00 ,30.00 ,593.00 ,3.00 
372,6068.00 ,689.00 ,714.00 ,672.00 ,42.00 ,45.00 ,21.00 ,0.00 ,13.00 ,18.00 ,28.00 ,50.00 ,50.00 ,0.00 ,0.00 ,0.00 ,1.50 ,96.00 ,0.00 ,368.00 ,1.00 
373,6072.00 ,689.00 ,865.00 ,843.00 ,22.00 ,NA,0.00 ,0.00 ,4.00 ,20.00 ,30.00 ,0.00 ,0.00 ,0.00 ,0.00 ,0.00 ,NA,100.00 ,0.00 ,451.00 ,1.00 
374,6057.00 ,689.00 ,641.00 ,616.00 ,25.00 ,45.00 ,17.00 ,0.00 ,13.00 ,20.00 ,32.00 ,50.00 ,0.00 ,0.00 ,50.00 ,0.00 ,2.50 ,100.00 ,0.00 ,657.00 ,1.00 
375,6065.00 ,689.00 ,772.00 ,745.00 ,27.00 ,NA,2.00 ,0.00 ,16.00 ,18.00 ,28.00 ,0.00 ,0.00 ,0.00 ,0.00 ,0.00 ,NA,96.00 ,0.00 ,374.00 ,1.00 
376,6062.00 ,689.00 ,750.00 ,730.00 ,20.00 ,21.00 ,4.00 ,0.00 ,15.00 ,19.00 ,31.00 ,0.00 ,0.00 ,0.00 ,0.00 ,0.00 ,NA,100.00 ,0.00 ,397.00 ,1.00 
377,6060.00 ,689.00 ,738.00 ,708.00 ,30.00 ,18.00 ,2.00 ,0.00 ,13.00 ,19.00 ,30.00 ,0.00 ,0.00 ,0.00 ,100.00 ,0.00 ,4.00 ,97.00 ,3.00 ,392.00 ,1.00 
378,4879.00 ,716.00 ,529.00 ,482.00 ,47.00 ,83.00 ,28.00 ,0.00 ,16.00 ,18.00 ,23.00 ,31.00 ,23.00 ,29.00 ,14.00 ,4.00 ,2.36999988555908,80.00 ,13.00 ,352.00 ,3.00 
379,4871.00 ,716.00 ,554.00 ,513.00 ,41.00 ,84.00 ,24.00 ,0.00 ,23.00 ,19.00 ,26.00 ,75.00 ,9.00 ,10.00 ,5.00 ,1.00 ,1.47000002861023,83.00 ,12.00 ,535.00 ,3.00 
380,4875.00 ,716.00 ,504.00 ,451.00 ,53.00 ,90.00 ,46.00 ,1.00 ,19.00 ,20.00 ,26.00 ,33.00 ,17.00 ,20.00 ,20.00 ,10.00 ,2.5699999332428,83.00 ,17.00 ,657.00 ,3.00 
381,4859.00 ,716.00 ,592.00 ,556.00 ,36.00 ,80.00 ,33.00 ,0.00 ,22.00 ,18.00 ,27.00 ,22.00 ,31.00 ,29.00 ,16.00 ,2.00 ,2.45000004768372,92.00 ,8.00 ,532.00 ,2.00 
382,4877.00 ,716.00 ,627.00 ,582.00 ,45.00 ,86.00 ,35.00 ,1.00 ,16.00 ,20.00 ,25.00 ,41.00 ,26.00 ,22.00 ,8.00 ,2.00 ,2.02999997138977,80.00 ,9.00 ,612.00 ,3.00 
383,4880.00 ,716.00 ,625.00 ,578.00 ,47.00 ,59.00 ,8.00 ,1.00 ,19.00 ,19.00 ,28.00 ,18.00 ,44.00 ,25.00 ,13.00 ,1.00 ,2.35999989509583,93.00 ,5.00 ,559.00 ,2.00 
384,4881.00 ,716.00 ,436.00 ,415.00 ,21.00 ,100.00 ,49.00 ,0.00 ,19.00 ,19.00 ,24.00 ,40.00 ,20.00 ,13.00 ,28.00 ,0.00 ,2.27999997138977,80.00 ,17.00 ,363.00 ,3.00 
385,4876.00 ,716.00 ,487.00 ,443.00 ,44.00 ,86.00 ,26.00 ,0.00 ,26.00 ,18.00 ,21.00 ,50.00 ,0.00 ,0.00 ,50.00 ,0.00 ,2.50 ,80.00 ,8.00 ,300.00 ,3.00 
386,4868.00 ,716.00 ,610.00 ,520.00 ,90.00 ,84.00 ,34.00 ,0.00 ,27.00 ,20.00 ,27.00 ,27.00 ,39.00 ,15.00 ,18.00 ,1.00 ,2.26999998092651,82.00 ,12.00 ,331.00 ,3.00 
387,4862.00 ,716.00 ,516.00 ,433.00 ,83.00 ,100.00 ,35.00 ,1.00 ,33.00 ,18.00 ,25.00 ,32.00 ,26.00 ,25.00 ,13.00 ,4.00 ,2.30999994277954,72.00 ,21.00 ,704.00 ,3.00 
388,4878.00 ,716.00 ,465.00 ,440.00 ,25.00 ,90.00 ,27.00 ,0.00 ,21.00 ,21.00 ,26.00 ,13.00 ,25.00 ,40.00 ,17.00 ,4.00 ,2.73000001907349,74.00 ,15.00 ,466.00 ,3.00 
389,5920.00 ,779.00 ,654.00 ,581.00 ,73.00 ,48.00 ,15.00 ,0.00 ,16.00 ,18.00 ,31.00 ,21.00 ,35.00 ,21.00 ,19.00 ,4.00 ,2.50 ,100.00 ,0.00 ,364.00 ,2.00 
390,5917.00 ,779.00 ,735.00 ,672.00 ,63.00 ,42.00 ,4.00 ,0.00 ,16.00 ,19.00 ,29.00 ,8.00 ,42.00 ,24.00 ,20.00 ,7.00 ,2.75 ,100.00 ,0.00 ,360.00 ,1.00 
391,5927.00 ,779.00 ,576.00 ,518.00 ,58.00 ,68.00 ,26.00 ,1.00 ,21.00 ,19.00 ,29.00 ,36.00 ,37.00 ,16.00 ,9.00 ,2.00 ,2.02999997138977,96.00 ,4.00 ,657.00 ,2.00 
392,5926.00 ,779.00 ,469.00 ,483.00 ,(14.00),91.00 ,54.00 ,0.00 ,17.00 ,18.00 ,28.00 ,52.00 ,36.00 ,6.00 ,6.00 ,0.00 ,1.6599999666214,100.00 ,3.00 ,391.00 ,3.00 
393,5933.00 ,779.00 ,515.00 ,468.00 ,47.00 ,91.00 ,28.00 ,0.00 ,32.00 ,17.00 ,26.00 ,40.00 ,45.00 ,11.00 ,4.00 ,0.00 ,1.78999996185303,88.00 ,12.00 ,218.00 ,3.00 
394,469.00 ,796.00 ,543.00 ,527.00 ,16.00 ,82.00 ,25.00 ,0.00 ,23.00 ,20.00 ,27.00 ,27.00 ,46.00 ,16.00 ,9.00 ,1.00 ,2.11999988555908,80.00 ,6.00 ,400.00 ,3.00 
395,468.00 ,796.00 ,783.00 ,758.00 ,25.00 ,NA,6.00 ,0.00 ,15.00 ,19.00 ,27.00 ,7.00 ,38.00 ,22.00 ,23.00 ,10.00 ,2.89000010490417,96.00 ,8.00 ,317.00 ,1.00 
396,482.00 ,796.00 ,745.00 ,736.00 ,9.00 ,27.00 ,12.00 ,0.00 ,11.00 ,18.00 ,28.00 ,5.00 ,29.00 ,23.00 ,37.00 ,7.00 ,3.11999988555908,95.00 ,5.00 ,266.00 ,1.00 
397,489.00 ,796.00 ,720.00 ,678.00 ,42.00 ,34.00 ,8.00 ,0.00 ,20.00 ,19.00 ,24.00 ,8.00 ,34.00 ,26.00 ,26.00 ,6.00 ,2.88000011444092,85.00 ,7.00 ,461.00 ,1.00 
398,504.00 ,796.00 ,802.00 ,787.00 ,15.00 ,NA,10.00 ,0.00 ,21.00 ,19.00 ,33.00 ,3.00 ,27.00 ,21.00 ,37.00 ,12.00 ,3.28999996185303,91.00 ,5.00 ,360.00 ,1.00 
399,488.00 ,796.00 ,539.00 ,424.00 ,115.00 ,98.00 ,12.00 ,0.00 ,18.00 ,20.00 ,24.00 ,10.00 ,75.00 ,13.00 ,1.00 ,0.00 ,2.05999994277954,93.00 ,7.00 ,301.00 ,3.00 
400,479.00 ,796.00 ,512.00 ,447.00 ,65.00 ,98.00 ,34.00 ,0.00 ,31.00 ,19.00 ,32.00 ,31.00 ,48.00 ,11.00 ,9.00 ,1.00 ,2.00999999046326,83.00 ,6.00 ,269.00 ,3.00 
